{
	"credit": "Made with Blockbench",
	"textures": {
		"0": "custom/queen_bee/queen_bee_yellow",
		"1": "custom/queen_bee/queen_bee_face",
		"2": "custom/queen_bee/queen_bee_face_right",
		"3": "custom/queen_bee/queen_bee_face_left",
		"4": "custom/queen_bee/queen_bee_yellow_dark",
		"5": "custom/queen_bee/queen_bee_antenna",
		"6": "custom/queen_bee/queen_bee_abdomen",
		"7": "custom/queen_bee/queen_bee_thorax",
		"8": "custom/queen_bee/queen_bee_leg",
		"11": "custom/queen_bee/queen_bee_bottom",
		"12": "custom/queen_bee/queen_bee_bottom_side",
		"13": "custom/queen_bee/queen_bee_bottom_base",
		"14": "custom/queen_bee/queen_bee_bottom_front",
		"15": "custom/queen_bee/queen_bee_leg_bottom",
		"16": "custom/queen_bee/queen_bee_leg_tip",
		"17": "custom/queen_bee/queen_bee_wing",
		"particle": "custom/queen_bee/queen_bee_yellow"
	},
	"elements": [
		{
			"from": [6, 18, 3],
			"to": [8, 19, 5],
			"rotation": {"angle": 22.5, "axis": "y", "origin": [7, 19, 4]},
			"faces": {
				"north": {"uv": [0, 0, 2, 1], "texture": "#0"},
				"east": {"uv": [0, 0, 2, 1], "texture": "#4"},
				"south": {"uv": [0, 0, 2, 1], "texture": "#missing"},
				"west": {"uv": [0, 0, 2, 1], "texture": "#0"},
				"up": {"uv": [0, 0, 2, 2], "texture": "#0"},
				"down": {"uv": [0, 0, 2, 2], "texture": "#4"}
			}
		},
		{
			"from": [3, 18, 4],
			"to": [4, 19, 6],
			"rotation": {"angle": -22.5, "axis": "y", "origin": [11, 26, 13]},
			"faces": {
				"north": {"uv": [0, 0, 1, 1], "texture": "#4"},
				"east": {"uv": [0, 0, 2, 1], "texture": "#4"},
				"south": {"uv": [0, 0, 1, 1], "texture": "#missing"},
				"west": {"uv": [0, 0, 2, 1], "texture": "#0"},
				"up": {"uv": [0, 0, 1, 2], "texture": "#0"},
				"down": {"uv": [0, 0, 1, 2], "texture": "#4"}
			}
		},
		{
			"from": [10, 18, 3],
			"to": [12, 19, 5],
			"rotation": {"angle": -22.5, "axis": "y", "origin": [11, 19, 4]},
			"faces": {
				"north": {"uv": [2, 0, 4, 1], "texture": "#0"},
				"east": {"uv": [2, 0, 4, 1], "texture": "#0"},
				"south": {"uv": [2, 0, 4, 1], "texture": "#missing"},
				"west": {"uv": [2, 0, 4, 1], "texture": "#4"},
				"up": {"uv": [2, 0, 4, 2], "texture": "#0"},
				"down": {"uv": [2, 0, 4, 2], "texture": "#4"}
			}
		},
		{
			"from": [14, 18, 4],
			"to": [15, 19, 6],
			"rotation": {"angle": 22.5, "axis": "y", "origin": [7, 26, 13]},
			"faces": {
				"north": {"uv": [1, 0, 2, 1], "texture": "#4"},
				"east": {"uv": [2, 0, 4, 1], "texture": "#0"},
				"south": {"uv": [1, 0, 2, 1], "texture": "#missing"},
				"west": {"uv": [2, 0, 4, 1], "texture": "#4"},
				"up": {"uv": [1, 0, 2, 2], "texture": "#0"},
				"down": {"uv": [1, 0, 2, 2], "texture": "#4"}
			}
		},
		{
			"from": [6, 18, 4],
			"to": [12, 23, 9],
			"rotation": {"angle": 0, "axis": "y", "origin": [14, 26, 12]},
			"faces": {
				"north": {"uv": [0, 0, 6, 5], "texture": "#1"},
				"east": {"uv": [0, 0, 5, 5], "texture": "#2"},
				"south": {"uv": [0, 0, 6, 5], "texture": "#0"},
				"west": {"uv": [0, 0, 5, 5], "texture": "#3"},
				"up": {"uv": [0, 0, 6, 5], "texture": "#0"},
				"down": {"uv": [0, 0, 6, 5], "texture": "#4"}
			}
		},
		{
			"from": [3, 25, 6],
			"to": [4, 28, 7],
			"rotation": {"angle": 22.5, "axis": "z", "origin": [11, 33, 14]},
			"faces": {
				"north": {"uv": [0, 0, 1, 3], "texture": "#5"},
				"east": {"uv": [0, 0, 1, 3], "texture": "#5"},
				"south": {"uv": [0, 0, 1, 3], "texture": "#5"},
				"west": {"uv": [0, 0, 1, 3], "texture": "#5"},
				"up": {"uv": [0, 0, 1, 1], "texture": "#5"},
				"down": {"uv": [0, 0, 1, 1], "texture": "#missing"}
			}
		},
		{
			"from": [6, 27, 6],
			"to": [7, 28, 10],
			"rotation": {"angle": 22.5, "axis": "x", "origin": [14, 35, 2]},
			"faces": {
				"north": {"uv": [0, 0, 1, 1], "rotation": 180, "texture": "#5"},
				"east": {"uv": [0, 0, 1, 4], "rotation": 90, "texture": "#5"},
				"south": {"uv": [0, 0, 1, 1], "texture": "#5"},
				"west": {"uv": [0, 0, 1, 4], "rotation": 270, "texture": "#5"},
				"up": {"uv": [0, 0, 1, 4], "texture": "#5"},
				"down": {"uv": [0, 0, 1, 4], "rotation": 180, "texture": "#5"}
			}
		},
		{
			"from": [6, 22, -2],
			"to": [7, 23, 1],
			"rotation": {"angle": -22.5, "axis": "x", "origin": [14, 30, -7]},
			"faces": {
				"north": {"uv": [0, 0, 1, 1], "rotation": 180, "texture": "#5"},
				"east": {"uv": [0, 0, 1, 3], "rotation": 90, "texture": "#5"},
				"south": {"uv": [0, 0, 1, 1], "texture": "#missing"},
				"west": {"uv": [0, 0, 1, 3], "rotation": 270, "texture": "#5"},
				"up": {"uv": [0, 0, 1, 3], "texture": "#5"},
				"down": {"uv": [0, 0, 1, 3], "rotation": 180, "texture": "#5"}
			}
		},
		{
			"from": [11, 22, -2],
			"to": [12, 23, 1],
			"rotation": {"angle": -22.5, "axis": "x", "origin": [4, 30, -7]},
			"faces": {
				"north": {"uv": [1, 0, 2, 1], "rotation": 180, "texture": "#5"},
				"east": {"uv": [0, 3, 1, 6], "rotation": 270, "texture": "#5"},
				"south": {"uv": [1, 0, 2, 1], "texture": "#missing"},
				"west": {"uv": [0, 3, 1, 6], "rotation": 90, "texture": "#5"},
				"up": {"uv": [1, 0, 2, 3], "texture": "#5"},
				"down": {"uv": [1, 0, 2, 3], "rotation": 180, "texture": "#5"}
			}
		},
		{
			"from": [11, 27, 6],
			"to": [12, 28, 10],
			"rotation": {"angle": 22.5, "axis": "x", "origin": [4, 35, 2]},
			"faces": {
				"north": {"uv": [1, 0, 2, 1], "rotation": 180, "texture": "#5"},
				"east": {"uv": [0, 4, 1, 8], "rotation": 270, "texture": "#5"},
				"south": {"uv": [1, 0, 2, 1], "texture": "#5"},
				"west": {"uv": [0, 4, 1, 8], "rotation": 90, "texture": "#5"},
				"up": {"uv": [1, 0, 2, 4], "texture": "#5"},
				"down": {"uv": [1, 0, 2, 4], "rotation": 180, "texture": "#5"}
			}
		},
		{
			"from": [14, 25, 6],
			"to": [15, 28, 7],
			"rotation": {"angle": -22.5, "axis": "z", "origin": [7, 33, 14]},
			"faces": {
				"north": {"uv": [1, 0, 2, 3], "texture": "#5"},
				"east": {"uv": [1, 0, 2, 3], "texture": "#5"},
				"south": {"uv": [1, 0, 2, 3], "texture": "#5"},
				"west": {"uv": [1, 0, 2, 3], "texture": "#5"},
				"up": {"uv": [1, 0, 2, 1], "texture": "#5"},
				"down": {"uv": [1, 0, 2, 1], "texture": "#missing"}
			}
		},
		{
			"from": [6, 12, 3],
			"to": [12, 21, 8],
			"rotation": {"angle": -22.5, "axis": "x", "origin": [14, 28, 11]},
			"faces": {
				"north": {"uv": [0, 0, 6, 9], "texture": "#7"},
				"east": {"uv": [0, 0, 5, 9], "texture": "#7"},
				"south": {"uv": [0, 0, 6, 9], "texture": "#7"},
				"west": {"uv": [0, 0, 5, 9], "texture": "#7"},
				"up": {"uv": [0, 0, 6, 5], "texture": "#4"},
				"down": {"uv": [0, 0, 6, 5], "texture": "#0"}
			}
		},
		{
			"from": [7, 15, 2],
			"to": [9, 17, 5],
			"rotation": {"angle": 22.5, "axis": "y", "origin": [16, 24, 12]},
			"faces": {
				"north": {"uv": [0, 0, 2, 2], "texture": "#4"},
				"east": {"uv": [0, 0, 3, 2], "texture": "#7"},
				"south": {"uv": [0, 0, 2, 2], "texture": "#4"},
				"west": {"uv": [0, 0, 3, 2], "texture": "#7"},
				"up": {"uv": [0, 0, 2, 3], "texture": "#7"},
				"down": {"uv": [0, 0, 2, 3], "texture": "#7"}
			}
		},
		{
			"from": [4, 15, 2],
			"to": [5, 17, 6],
			"rotation": {"angle": 0, "axis": "y", "origin": [13, 24, 13]},
			"faces": {
				"north": {"uv": [0, 0, 1, 2], "texture": "#16"},
				"east": {"uv": [0, 0, 4, 2], "texture": "#8"},
				"south": {"uv": [0, 0, 1, 2], "texture": "#4"},
				"west": {"uv": [0, 0, 4, 2], "texture": "#8"},
				"up": {"uv": [0, 0, 1, 4], "texture": "#0"},
				"down": {"uv": [0, 0, 1, 4], "texture": "#15"}
			}
		},
		{
			"from": [8, 13, 4],
			"to": [10, 15, 7],
			"rotation": {"angle": 22.5, "axis": "y", "origin": [17, 22, 14]},
			"faces": {
				"north": {"uv": [0, 0, 2, 2], "texture": "#4"},
				"east": {"uv": [0, 0, 3, 2], "texture": "#7"},
				"south": {"uv": [0, 0, 2, 2], "texture": "#missing"},
				"west": {"uv": [0, 0, 3, 2], "texture": "#7"},
				"up": {"uv": [0, 0, 2, 3], "texture": "#7"},
				"down": {"uv": [0, 0, 2, 3], "texture": "#7"}
			}
		},
		{
			"from": [5, 13, 4],
			"to": [6, 15, 8],
			"rotation": {"angle": 0, "axis": "y", "origin": [14, 22, 15]},
			"faces": {
				"north": {"uv": [0, 0, 1, 2], "texture": "#16"},
				"east": {"uv": [0, 0, 4, 2], "texture": "#8"},
				"south": {"uv": [0, 0, 1, 2], "texture": "#4"},
				"west": {"uv": [0, 0, 4, 2], "texture": "#8"},
				"up": {"uv": [0, 0, 1, 4], "texture": "#0"},
				"down": {"uv": [0, 0, 1, 4], "texture": "#15"}
			}
		},
		{
			"from": [7, 11, 5],
			"to": [9, 13, 8],
			"rotation": {"angle": 22.5, "axis": "y", "origin": [16, 20, 15]},
			"faces": {
				"north": {"uv": [0, 0, 2, 2], "texture": "#4"},
				"east": {"uv": [0, 0, 3, 2], "texture": "#7"},
				"south": {"uv": [0, 0, 2, 2], "texture": "#4"},
				"west": {"uv": [0, 0, 3, 2], "texture": "#7"},
				"up": {"uv": [0, 0, 2, 3], "texture": "#7"},
				"down": {"uv": [0, 0, 2, 3], "texture": "#7"}
			}
		},
		{
			"from": [4, 11, 5],
			"to": [5, 13, 9],
			"rotation": {"angle": 0, "axis": "y", "origin": [13, 20, 16]},
			"faces": {
				"north": {"uv": [0, 0, 1, 2], "texture": "#16"},
				"east": {"uv": [0, 0, 4, 2], "texture": "#8"},
				"south": {"uv": [0, 0, 1, 2], "texture": "#4"},
				"west": {"uv": [0, 0, 4, 2], "texture": "#8"},
				"up": {"uv": [0, 0, 1, 4], "texture": "#0"},
				"down": {"uv": [0, 0, 1, 4], "texture": "#15"}
			}
		},
		{
			"from": [9, 15, 2],
			"to": [11, 17, 5],
			"rotation": {"angle": -22.5, "axis": "y", "origin": [2, 24, 12]},
			"faces": {
				"north": {"uv": [2, 0, 4, 2], "texture": "#4"},
				"east": {"uv": [3, 0, 6, 2], "texture": "#7"},
				"south": {"uv": [2, 0, 4, 2], "texture": "#4"},
				"west": {"uv": [3, 0, 6, 2], "texture": "#7"},
				"up": {"uv": [2, 0, 4, 3], "texture": "#7"},
				"down": {"uv": [2, 0, 4, 3], "texture": "#7"}
			}
		},
		{
			"from": [13, 15, 2],
			"to": [14, 17, 6],
			"rotation": {"angle": 0, "axis": "y", "origin": [5, 24, 13]},
			"faces": {
				"north": {"uv": [1, 0, 2, 2], "texture": "#16"},
				"east": {"uv": [4, 0, 8, 2], "texture": "#8"},
				"south": {"uv": [1, 0, 2, 2], "texture": "#4"},
				"west": {"uv": [4, 0, 8, 2], "texture": "#8"},
				"up": {"uv": [1, 0, 2, 4], "texture": "#0"},
				"down": {"uv": [1, 0, 2, 4], "texture": "#15"}
			}
		},
		{
			"from": [12, 13, 4],
			"to": [13, 15, 8],
			"rotation": {"angle": 0, "axis": "y", "origin": [4, 22, 15]},
			"faces": {
				"north": {"uv": [1, 0, 2, 2], "texture": "#16"},
				"east": {"uv": [4, 0, 8, 2], "texture": "#8"},
				"south": {"uv": [1, 0, 2, 2], "texture": "#4"},
				"west": {"uv": [4, 0, 8, 2], "texture": "#8"},
				"up": {"uv": [1, 0, 2, 4], "texture": "#0"},
				"down": {"uv": [1, 0, 2, 4], "texture": "#15"}
			}
		},
		{
			"from": [8, 13, 4],
			"to": [10, 15, 7],
			"rotation": {"angle": -22.5, "axis": "y", "origin": [1, 22, 14]},
			"faces": {
				"north": {"uv": [2, 0, 4, 2], "texture": "#4"},
				"east": {"uv": [3, 0, 6, 2], "texture": "#7"},
				"south": {"uv": [2, 0, 4, 2], "texture": "#missing"},
				"west": {"uv": [3, 0, 6, 2], "texture": "#7"},
				"up": {"uv": [2, 0, 4, 3], "texture": "#7"},
				"down": {"uv": [2, 0, 4, 3], "texture": "#7"}
			}
		},
		{
			"from": [9, 11, 5],
			"to": [11, 13, 8],
			"rotation": {"angle": -22.5, "axis": "y", "origin": [2, 20, 15]},
			"faces": {
				"north": {"uv": [2, 0, 4, 2], "texture": "#4"},
				"east": {"uv": [3, 0, 6, 2], "texture": "#7"},
				"south": {"uv": [2, 0, 4, 2], "texture": "#4"},
				"west": {"uv": [3, 0, 6, 2], "texture": "#7"},
				"up": {"uv": [2, 0, 4, 3], "texture": "#7"},
				"down": {"uv": [2, 0, 4, 3], "texture": "#7"}
			}
		},
		{
			"from": [13, 11, 5],
			"to": [14, 13, 9],
			"rotation": {"angle": 0, "axis": "y", "origin": [5, 20, 16]},
			"faces": {
				"north": {"uv": [1, 0, 2, 2], "texture": "#16"},
				"east": {"uv": [4, 0, 8, 2], "texture": "#8"},
				"south": {"uv": [1, 0, 2, 2], "texture": "#4"},
				"west": {"uv": [4, 0, 8, 2], "texture": "#8"},
				"up": {"uv": [1, 0, 2, 4], "texture": "#0"},
				"down": {"uv": [1, 0, 2, 4], "texture": "#15"}
			}
		},
		{
			"from": [5, 8, 9],
			"to": [13, 12, 16],
			"rotation": {"angle": 0, "axis": "y", "origin": [14, 17, 17]},
			"faces": {
				"north": {"uv": [0, 0, 8, 4], "texture": "#7"},
				"east": {"uv": [0, 0, 7, 4], "texture": "#7"},
				"south": {"uv": [0, 0, 8, 4], "texture": "#7"},
				"west": {"uv": [0, 0, 7, 4], "texture": "#7"},
				"up": {"uv": [0, 0, 8, 7], "texture": "#4"},
				"down": {"uv": [0, 0, 8, 7], "texture": "#0"}
			}
		},
		{
			"from": [4, -7, 11],
			"to": [14, 6, 20],
			"rotation": {"angle": 22.5, "axis": "x", "origin": [12, 13, 22]},
			"faces": {
				"north": {"uv": [0, 0, 10, 13], "texture": "#6"},
				"east": {"uv": [0, 0, 9, 13], "texture": "#6"},
				"south": {"uv": [0, 0, 10, 13], "texture": "#6"},
				"west": {"uv": [0, 0, 9, 13], "texture": "#6"},
				"up": {"uv": [0, 0, 10, 9], "texture": "#0"},
				"down": {"uv": [0, 0, 10, 9], "texture": "#13"}
			}
		},
		{
			"from": [5, -7, 6],
			"to": [13, -5, 14],
			"rotation": {"angle": 22.5, "axis": "x", "origin": [14, 0, 15]},
			"faces": {
				"north": {"uv": [0, 0, 8, 2], "texture": "#14"},
				"east": {"uv": [0, 0, 8, 2], "texture": "#12"},
				"south": {"uv": [0, 0, 8, 2], "texture": "#14"},
				"west": {"uv": [0, 0, 8, 2], "texture": "#12"},
				"up": {"uv": [0, 0, 8, 8], "texture": "#missing"},
				"down": {"uv": [0, 0, 8, 8], "texture": "#11"}
			}
		},
		{
			"from": [10, 14, 12],
			"to": [10, 18, 29],
			"rotation": {"angle": 45, "axis": "y", "origin": [10, 16, 12]},
			"faces": {
				"north": {"uv": [0, 0, 0, 4], "texture": "#missing"},
				"east": {"uv": [16, 0, 0, 4], "texture": "#17"},
				"south": {"uv": [0, 0, 0, 4], "texture": "#missing"},
				"west": {"uv": [0, 0, 16, 4], "texture": "#17"},
				"up": {"uv": [0, 0, 0, 16], "texture": "#missing"},
				"down": {"uv": [0, 0, 0, 16], "texture": "#missing"}
			}
		},
		{
			"from": [-9, 14, 12],
			"to": [8, 18, 12],
			"rotation": {"angle": 45, "axis": "y", "origin": [8, 16, 12]},
			"faces": {
				"north": {"uv": [0, 0, 16, 4], "texture": "#17"},
				"east": {"uv": [0, 0, 0, 4], "texture": "#missing"},
				"south": {"uv": [16, 0, 0, 4], "texture": "#17"},
				"west": {"uv": [0, 0, 0, 4], "texture": "#missing"},
				"up": {"uv": [0, 0, 0, 16], "rotation": 90, "texture": "#missing"},
				"down": {"uv": [0, 0, 0, 16], "rotation": 270, "texture": "#missing"}
			}
		},
		{
			"from": [10, 14, 12],
			"to": [27, 18, 12],
			"rotation": {"angle": -22.5, "axis": "y", "origin": [10, 16, 12]},
			"faces": {
				"north": {"uv": [16, 4, 0, 8], "texture": "#17"},
				"east": {"uv": [0, 0, 0, 4], "texture": "#missing"},
				"south": {"uv": [0, 4, 16, 8], "texture": "#17"},
				"west": {"uv": [0, 0, 0, 4], "texture": "#missing"},
				"up": {"uv": [0, 0, 0, 16], "rotation": 270, "texture": "#missing"},
				"down": {"uv": [0, 0, 0, 16], "rotation": 90, "texture": "#missing"}
			}
		},
		{
			"from": [-9, 14, 12],
			"to": [8, 18, 12],
			"rotation": {"angle": 22.5, "axis": "y", "origin": [8, 16, 12]},
			"faces": {
				"north": {"uv": [0, 4, 16, 8], "texture": "#17"},
				"east": {"uv": [0, 0, 0, 4], "texture": "#missing"},
				"south": {"uv": [16, 4, 0, 8], "texture": "#17"},
				"west": {"uv": [0, 0, 0, 4], "texture": "#missing"},
				"up": {"uv": [0, 0, 0, 16], "rotation": 90, "texture": "#missing"},
				"down": {"uv": [0, 0, 0, 16], "rotation": 270, "texture": "#missing"}
			}
		},
		{
			"from": [8, 14, 12],
			"to": [8, 18, 29],
			"rotation": {"angle": -22.5, "axis": "y", "origin": [8, 16, 12]},
			"faces": {
				"north": {"uv": [0, 0, 0, 4], "texture": "#missing"},
				"east": {"uv": [16, 8, 0, 12], "texture": "#17"},
				"south": {"uv": [0, 0, 0, 4], "texture": "#missing"},
				"west": {"uv": [0, 8, 16, 12], "texture": "#17"},
				"up": {"uv": [0, 0, 0, 16], "texture": "#missing"},
				"down": {"uv": [0, 0, 0, 16], "texture": "#missing"}
			}
		},
		{
			"from": [10, 14, 12],
			"to": [10, 18, 29],
			"rotation": {"angle": 22.5, "axis": "y", "origin": [10, 16, 12]},
			"faces": {
				"north": {"uv": [0, 0, 0, 4], "texture": "#missing"},
				"east": {"uv": [16, 8, 0, 12], "texture": "#17"},
				"south": {"uv": [0, 0, 0, 4], "texture": "#missing"},
				"west": {"uv": [0, 8, 16, 12], "texture": "#17"},
				"up": {"uv": [0, 0, 0, 16], "texture": "#missing"},
				"down": {"uv": [0, 0, 0, 16], "texture": "#missing"}
			}
		}
	],
	"display": {
		"thirdperson_righthand": {
			"rotation": [64, 0, 0],
			"translation": [-8.5, 0.75, 17],
			"scale": [2.5, 2.5, 2.5]
		}
	},
	"groups": [
		{
			"name": "group",
			"origin": [12, 27, 2],
			"children": [0, 1, 2, 3, 4, 5, 6, 7, 8, 9, 10]
		},
		{
			"name": "group",
			"origin": [5, 17, 16],
			"children": [11, 12, 13, 14, 15, 16, 17, 18, 19, 20, 21, 22, 23]
		},
		{
			"name": "group",
			"origin": [14, 0, 15],
			"children": [24, 25, 26]
		},
		{
			"name": "group",
			"origin": [10, 16, 12],
			"children": [27, 28, 29, 30, 31, 32]
		}
	]
}