{
	"credit": "Made with Blockbench",
	"textures": {
		"0": "custom/queen_bee/queen_bee_yellow",
		"1": "custom/queen_bee/queen_bee_face",
		"2": "custom/queen_bee/queen_bee_face_right",
		"3": "custom/queen_bee/queen_bee_face_left",
		"4": "custom/queen_bee/queen_bee_yellow_dark",
		"5": "custom/queen_bee/queen_bee_antenna",
		"6": "custom/queen_bee/queen_bee_abdomen",
		"7": "custom/queen_bee/queen_bee_thorax",
		"8": "custom/queen_bee/queen_bee_leg",
		"11": "custom/queen_bee/queen_bee_bottom",
		"12": "custom/queen_bee/queen_bee_bottom_side",
		"13": "custom/queen_bee/queen_bee_bottom_base",
		"14": "custom/queen_bee/queen_bee_bottom_front",
		"15": "custom/queen_bee/queen_bee_leg_bottom",
		"16": "custom/queen_bee/queen_bee_leg_tip",
		"17": "custom/queen_bee/queen_bee_wing",
		"particle": "custom/queen_bee/queen_bee_yellow"
	},
	"elements": [
		{
			"from": [6, 4, -9],
			"to": [8, 5, -7],
			"rotation": {"angle": 22.5, "axis": "y", "origin": [7, 5, -8]},
			"faces": {
				"north": {"uv": [0, 0, 2, 1], "texture": "#0"},
				"east": {"uv": [0, 0, 2, 1], "texture": "#4"},
				"south": {"uv": [0, 0, 2, 1], "texture": "#missing"},
				"west": {"uv": [0, 0, 2, 1], "texture": "#0"},
				"up": {"uv": [0, 0, 2, 2], "texture": "#0"},
				"down": {"uv": [0, 0, 2, 2], "texture": "#4"}
			}
		},
		{
			"from": [3, 4, -8],
			"to": [4, 5, -6],
			"rotation": {"angle": -22.5, "axis": "y", "origin": [11, 12, 1]},
			"faces": {
				"north": {"uv": [0, 0, 1, 1], "texture": "#4"},
				"east": {"uv": [0, 0, 2, 1], "texture": "#4"},
				"south": {"uv": [0, 0, 1, 1], "texture": "#missing"},
				"west": {"uv": [0, 0, 2, 1], "texture": "#0"},
				"up": {"uv": [0, 0, 1, 2], "texture": "#0"},
				"down": {"uv": [0, 0, 1, 2], "texture": "#4"}
			}
		},
		{
			"from": [10, 4, -9],
			"to": [12, 5, -7],
			"rotation": {"angle": -22.5, "axis": "y", "origin": [11, 5, -8]},
			"faces": {
				"north": {"uv": [2, 0, 4, 1], "texture": "#0"},
				"east": {"uv": [2, 0, 4, 1], "texture": "#0"},
				"south": {"uv": [2, 0, 4, 1], "texture": "#missing"},
				"west": {"uv": [2, 0, 4, 1], "texture": "#4"},
				"up": {"uv": [2, 0, 4, 2], "texture": "#0"},
				"down": {"uv": [2, 0, 4, 2], "texture": "#4"}
			}
		},
		{
			"from": [14, 4, -8],
			"to": [15, 5, -6],
			"rotation": {"angle": 22.5, "axis": "y", "origin": [7, 12, 1]},
			"faces": {
				"north": {"uv": [1, 0, 2, 1], "texture": "#4"},
				"east": {"uv": [2, 0, 4, 1], "texture": "#0"},
				"south": {"uv": [1, 0, 2, 1], "texture": "#missing"},
				"west": {"uv": [2, 0, 4, 1], "texture": "#4"},
				"up": {"uv": [1, 0, 2, 2], "texture": "#0"},
				"down": {"uv": [1, 0, 2, 2], "texture": "#4"}
			}
		},
		{
			"from": [6, 4, -8],
			"to": [12, 9, -3],
			"rotation": {"angle": 0, "axis": "y", "origin": [14, 12, 0]},
			"faces": {
				"north": {"uv": [0, 0, 6, 5], "texture": "#1"},
				"east": {"uv": [0, 0, 5, 5], "texture": "#2"},
				"south": {"uv": [0, 0, 6, 5], "texture": "#0"},
				"west": {"uv": [0, 0, 5, 5], "texture": "#3"},
				"up": {"uv": [0, 0, 6, 5], "texture": "#0"},
				"down": {"uv": [0, 0, 6, 5], "texture": "#4"}
			}
		},
		{
			"from": [3, 11, -6],
			"to": [4, 14, -5],
			"rotation": {"angle": 22.5, "axis": "z", "origin": [11, 19, 2]},
			"faces": {
				"north": {"uv": [0, 0, 1, 3], "texture": "#5"},
				"east": {"uv": [0, 0, 1, 3], "texture": "#5"},
				"south": {"uv": [0, 0, 1, 3], "texture": "#5"},
				"west": {"uv": [0, 0, 1, 3], "texture": "#5"},
				"up": {"uv": [0, 0, 1, 1], "texture": "#5"},
				"down": {"uv": [0, 0, 1, 1], "texture": "#missing"}
			}
		},
		{
			"from": [6, 13, -6],
			"to": [7, 14, -2],
			"rotation": {"angle": 22.5, "axis": "x", "origin": [14, 21, -10]},
			"faces": {
				"north": {"uv": [0, 0, 1, 1], "rotation": 180, "texture": "#5"},
				"east": {"uv": [0, 0, 1, 4], "rotation": 90, "texture": "#5"},
				"south": {"uv": [0, 0, 1, 1], "texture": "#5"},
				"west": {"uv": [0, 0, 1, 4], "rotation": 270, "texture": "#5"},
				"up": {"uv": [0, 0, 1, 4], "texture": "#5"},
				"down": {"uv": [0, 0, 1, 4], "rotation": 180, "texture": "#5"}
			}
		},
		{
			"from": [6, 8, -14],
			"to": [7, 9, -11],
			"rotation": {"angle": -22.5, "axis": "x", "origin": [14, 16, -19]},
			"faces": {
				"north": {"uv": [0, 0, 1, 1], "rotation": 180, "texture": "#5"},
				"east": {"uv": [0, 0, 1, 3], "rotation": 90, "texture": "#5"},
				"south": {"uv": [0, 0, 1, 1], "texture": "#missing"},
				"west": {"uv": [0, 0, 1, 3], "rotation": 270, "texture": "#5"},
				"up": {"uv": [0, 0, 1, 3], "texture": "#5"},
				"down": {"uv": [0, 0, 1, 3], "rotation": 180, "texture": "#5"}
			}
		},
		{
			"from": [11, 8, -14],
			"to": [12, 9, -11],
			"rotation": {"angle": -22.5, "axis": "x", "origin": [4, 16, -19]},
			"faces": {
				"north": {"uv": [1, 0, 2, 1], "rotation": 180, "texture": "#5"},
				"east": {"uv": [0, 3, 1, 6], "rotation": 270, "texture": "#5"},
				"south": {"uv": [1, 0, 2, 1], "texture": "#missing"},
				"west": {"uv": [0, 3, 1, 6], "rotation": 90, "texture": "#5"},
				"up": {"uv": [1, 0, 2, 3], "texture": "#5"},
				"down": {"uv": [1, 0, 2, 3], "rotation": 180, "texture": "#5"}
			}
		},
		{
			"from": [11, 13, -6],
			"to": [12, 14, -2],
			"rotation": {"angle": 22.5, "axis": "x", "origin": [4, 21, -10]},
			"faces": {
				"north": {"uv": [1, 0, 2, 1], "rotation": 180, "texture": "#5"},
				"east": {"uv": [0, 4, 1, 8], "rotation": 270, "texture": "#5"},
				"south": {"uv": [1, 0, 2, 1], "texture": "#5"},
				"west": {"uv": [0, 4, 1, 8], "rotation": 90, "texture": "#5"},
				"up": {"uv": [1, 0, 2, 4], "texture": "#5"},
				"down": {"uv": [1, 0, 2, 4], "rotation": 180, "texture": "#5"}
			}
		},
		{
			"from": [14, 11, -6],
			"to": [15, 14, -5],
			"rotation": {"angle": -22.5, "axis": "z", "origin": [7, 19, 2]},
			"faces": {
				"north": {"uv": [1, 0, 2, 3], "texture": "#5"},
				"east": {"uv": [1, 0, 2, 3], "texture": "#5"},
				"south": {"uv": [1, 0, 2, 3], "texture": "#5"},
				"west": {"uv": [1, 0, 2, 3], "texture": "#5"},
				"up": {"uv": [1, 0, 2, 1], "texture": "#5"},
				"down": {"uv": [1, 0, 2, 1], "texture": "#missing"}
			}
		},
		{
			"from": [6, 0, -5],
			"to": [12, 5, 4],
			"rotation": {"angle": -22.5, "axis": "x", "origin": [14, 8, -12]},
			"faces": {
				"north": {"uv": [0, 0, 6, 5], "rotation": 180, "texture": "#4"},
				"east": {"uv": [0, 0, 5, 9], "rotation": 90, "texture": "#7"},
				"south": {"uv": [0, 0, 6, 5], "texture": "#0"},
				"west": {"uv": [0, 0, 5, 9], "rotation": 270, "texture": "#7"},
				"up": {"uv": [0, 0, 6, 9], "texture": "#7"},
				"down": {"uv": [0, 0, 6, 9], "rotation": 180, "texture": "#7"}
			}
		},
		{
			"from": [7, -1, -1],
			"to": [9, 2, 1],
			"rotation": {"angle": -22.5, "axis": "z", "origin": [16, 9, -8]},
			"faces": {
				"north": {"uv": [0, 0, 2, 3], "rotation": 180, "texture": "#7"},
				"east": {"uv": [0, 0, 3, 2], "rotation": 90, "texture": "#7"},
				"south": {"uv": [0, 0, 2, 3], "texture": "#7"},
				"west": {"uv": [0, 0, 3, 2], "rotation": 270, "texture": "#7"},
				"up": {"uv": [0, 0, 2, 2], "texture": "#4"},
				"down": {"uv": [0, 0, 2, 2], "rotation": 180, "texture": "#4"}
			}
		},
		{
			"from": [4, -1, -1],
			"to": [5, 3, 1],
			"rotation": {"angle": 0, "axis": "y", "origin": [13, 10, -8]},
			"faces": {
				"north": {"uv": [0, 0, 1, 4], "rotation": 180, "texture": "#0"},
				"east": {"uv": [0, 0, 4, 2], "rotation": 90, "texture": "#8"},
				"south": {"uv": [0, 0, 1, 4], "texture": "#15"},
				"west": {"uv": [0, 0, 4, 2], "rotation": 270, "texture": "#8"},
				"up": {"uv": [0, 0, 1, 2], "texture": "#4"},
				"down": {"uv": [0, 0, 1, 2], "rotation": 180, "texture": "#16"}
			}
		},
		{
			"from": [8, 1, 1],
			"to": [10, 4, 3],
			"rotation": {"angle": -22.5, "axis": "z", "origin": [17, 11, -6]},
			"faces": {
				"north": {"uv": [0, 0, 2, 3], "rotation": 180, "texture": "#7"},
				"east": {"uv": [0, 0, 3, 2], "rotation": 90, "texture": "#7"},
				"south": {"uv": [0, 0, 2, 3], "texture": "#7"},
				"west": {"uv": [0, 0, 3, 2], "rotation": 270, "texture": "#7"},
				"up": {"uv": [0, 0, 2, 2], "texture": "#missing"},
				"down": {"uv": [0, 0, 2, 2], "rotation": 180, "texture": "#4"}
			}
		},
		{
			"from": [5, 1, 1],
			"to": [6, 5, 3],
			"rotation": {"angle": 0, "axis": "y", "origin": [14, 12, -6]},
			"faces": {
				"north": {"uv": [0, 0, 1, 4], "rotation": 180, "texture": "#0"},
				"east": {"uv": [0, 0, 4, 2], "rotation": 90, "texture": "#8"},
				"south": {"uv": [0, 0, 1, 4], "texture": "#15"},
				"west": {"uv": [0, 0, 4, 2], "rotation": 270, "texture": "#8"},
				"up": {"uv": [0, 0, 1, 2], "texture": "#4"},
				"down": {"uv": [0, 0, 1, 2], "rotation": 180, "texture": "#16"}
			}
		},
		{
			"from": [7, 2, 3],
			"to": [9, 5, 5],
			"rotation": {"angle": -22.5, "axis": "z", "origin": [16, 12, -4]},
			"faces": {
				"north": {"uv": [0, 0, 2, 3], "rotation": 180, "texture": "#7"},
				"east": {"uv": [0, 0, 3, 2], "rotation": 90, "texture": "#7"},
				"south": {"uv": [0, 0, 2, 3], "texture": "#7"},
				"west": {"uv": [0, 0, 3, 2], "rotation": 270, "texture": "#7"},
				"up": {"uv": [0, 0, 2, 2], "texture": "#4"},
				"down": {"uv": [0, 0, 2, 2], "rotation": 180, "texture": "#4"}
			}
		},
		{
			"from": [4, 2, 3],
			"to": [5, 6, 5],
			"rotation": {"angle": 0, "axis": "y", "origin": [13, 13, -4]},
			"faces": {
				"north": {"uv": [0, 0, 1, 4], "rotation": 180, "texture": "#0"},
				"east": {"uv": [0, 0, 4, 2], "rotation": 90, "texture": "#8"},
				"south": {"uv": [0, 0, 1, 4], "texture": "#15"},
				"west": {"uv": [0, 0, 4, 2], "rotation": 270, "texture": "#8"},
				"up": {"uv": [0, 0, 1, 2], "texture": "#4"},
				"down": {"uv": [0, 0, 1, 2], "rotation": 180, "texture": "#16"}
			}
		},
		{
			"from": [9, -1, -1],
			"to": [11, 2, 1],
			"rotation": {"angle": 22.5, "axis": "z", "origin": [2, 9, -8]},
			"faces": {
				"north": {"uv": [2, 0, 4, 3], "rotation": 180, "texture": "#7"},
				"east": {"uv": [3, 0, 6, 2], "rotation": 90, "texture": "#7"},
				"south": {"uv": [2, 0, 4, 3], "texture": "#7"},
				"west": {"uv": [3, 0, 6, 2], "rotation": 270, "texture": "#7"},
				"up": {"uv": [2, 0, 4, 2], "texture": "#4"},
				"down": {"uv": [2, 0, 4, 2], "rotation": 180, "texture": "#4"}
			}
		},
		{
			"from": [13, -1, -1],
			"to": [14, 3, 1],
			"rotation": {"angle": 0, "axis": "y", "origin": [5, 10, -8]},
			"faces": {
				"north": {"uv": [1, 0, 2, 4], "rotation": 180, "texture": "#0"},
				"east": {"uv": [4, 0, 8, 2], "rotation": 90, "texture": "#8"},
				"south": {"uv": [1, 0, 2, 4], "texture": "#15"},
				"west": {"uv": [4, 0, 8, 2], "rotation": 270, "texture": "#8"},
				"up": {"uv": [1, 0, 2, 2], "texture": "#4"},
				"down": {"uv": [1, 0, 2, 2], "rotation": 180, "texture": "#16"}
			}
		},
		{
			"from": [12, 1, 1],
			"to": [13, 5, 3],
			"rotation": {"angle": 0, "axis": "y", "origin": [4, 12, -6]},
			"faces": {
				"north": {"uv": [1, 0, 2, 4], "rotation": 180, "texture": "#0"},
				"east": {"uv": [4, 0, 8, 2], "rotation": 90, "texture": "#8"},
				"south": {"uv": [1, 0, 2, 4], "texture": "#15"},
				"west": {"uv": [4, 0, 8, 2], "rotation": 270, "texture": "#8"},
				"up": {"uv": [1, 0, 2, 2], "texture": "#4"},
				"down": {"uv": [1, 0, 2, 2], "rotation": 180, "texture": "#16"}
			}
		},
		{
			"from": [8, 1, 1],
			"to": [10, 4, 3],
			"rotation": {"angle": 22.5, "axis": "z", "origin": [1, 11, -6]},
			"faces": {
				"north": {"uv": [2, 0, 4, 3], "rotation": 180, "texture": "#7"},
				"east": {"uv": [3, 0, 6, 2], "rotation": 90, "texture": "#7"},
				"south": {"uv": [2, 0, 4, 3], "texture": "#7"},
				"west": {"uv": [3, 0, 6, 2], "rotation": 270, "texture": "#7"},
				"up": {"uv": [2, 0, 4, 2], "texture": "#missing"},
				"down": {"uv": [2, 0, 4, 2], "rotation": 180, "texture": "#4"}
			}
		},
		{
			"from": [9, 2, 3],
			"to": [11, 5, 5],
			"rotation": {"angle": 22.5, "axis": "z", "origin": [2, 12, -4]},
			"faces": {
				"north": {"uv": [2, 0, 4, 3], "rotation": 180, "texture": "#7"},
				"east": {"uv": [3, 0, 6, 2], "rotation": 90, "texture": "#7"},
				"south": {"uv": [2, 0, 4, 3], "texture": "#7"},
				"west": {"uv": [3, 0, 6, 2], "rotation": 270, "texture": "#7"},
				"up": {"uv": [2, 0, 4, 2], "texture": "#4"},
				"down": {"uv": [2, 0, 4, 2], "rotation": 180, "texture": "#4"}
			}
		},
		{
			"from": [13, 2, 3],
			"to": [14, 6, 5],
			"rotation": {"angle": 0, "axis": "y", "origin": [5, 13, -4]},
			"faces": {
				"north": {"uv": [1, 0, 2, 4], "rotation": 180, "texture": "#0"},
				"east": {"uv": [4, 0, 8, 2], "rotation": 90, "texture": "#8"},
				"south": {"uv": [1, 0, 2, 4], "texture": "#15"},
				"west": {"uv": [4, 0, 8, 2], "rotation": 270, "texture": "#8"},
				"up": {"uv": [1, 0, 2, 2], "texture": "#4"},
				"down": {"uv": [1, 0, 2, 2], "rotation": 180, "texture": "#16"}
			}
		},
		{
			"from": [5, 6, 4],
			"to": [13, 13, 8],
			"rotation": {"angle": 0, "axis": "y", "origin": [14, 14, -1]},
			"faces": {
				"north": {"uv": [0, 0, 8, 7], "rotation": 180, "texture": "#4"},
				"east": {"uv": [0, 0, 7, 4], "rotation": 90, "texture": "#7"},
				"south": {"uv": [0, 0, 8, 7], "texture": "#0"},
				"west": {"uv": [0, 0, 7, 4], "rotation": 270, "texture": "#7"},
				"up": {"uv": [0, 0, 8, 4], "texture": "#7"},
				"down": {"uv": [0, 0, 8, 4], "rotation": 180, "texture": "#7"}
			}
		},
		{
			"from": [4, 8, 10],
			"to": [14, 17, 23],
			"rotation": {"angle": 22.5, "axis": "x", "origin": [12, 19, 3]},
			"faces": {
				"north": {"uv": [0, 0, 10, 9], "rotation": 180, "texture": "#0"},
				"east": {"uv": [0, 0, 9, 13], "rotation": 90, "texture": "#6"},
				"south": {"uv": [0, 0, 10, 9], "texture": "#13"},
				"west": {"uv": [0, 0, 9, 13], "rotation": 270, "texture": "#6"},
				"up": {"uv": [0, 0, 10, 13], "texture": "#6"},
				"down": {"uv": [0, 0, 10, 13], "rotation": 180, "texture": "#6"}
			}
		},
		{
			"from": [5, 3, 21],
			"to": [13, 11, 23],
			"rotation": {"angle": 22.5, "axis": "x", "origin": [14, 12, 16]},
			"faces": {
				"north": {"uv": [0, 0, 8, 8], "rotation": 180, "texture": "#missing"},
				"east": {"uv": [0, 0, 8, 2], "rotation": 90, "texture": "#12"},
				"south": {"uv": [0, 0, 8, 8], "texture": "#11"},
				"west": {"uv": [0, 0, 8, 2], "rotation": 270, "texture": "#12"},
				"up": {"uv": [0, 0, 8, 2], "texture": "#14"},
				"down": {"uv": [0, 0, 8, 2], "rotation": 180, "texture": "#14"}
			}
		},
		{
			"from": [10, 9, -2],
			"to": [10, 26, 2],
			"rotation": {"angle": -45, "axis": "z", "origin": [10, 9, 0]},
			"faces": {
				"north": {"uv": [0, 0, 0, 16], "rotation": 180, "texture": "#missing"},
				"east": {"uv": [16, 0, 0, 4], "rotation": 90, "texture": "#17"},
				"south": {"uv": [0, 0, 0, 16], "texture": "#missing"},
				"west": {"uv": [0, 0, 16, 4], "rotation": 270, "texture": "#17"},
				"up": {"uv": [0, 0, 0, 4], "texture": "#missing"},
				"down": {"uv": [0, 0, 0, 4], "rotation": 180, "texture": "#missing"}
			}
		},
		{
			"from": [-9, 9, -2],
			"to": [8, 9, 2],
			"rotation": {"angle": -45, "axis": "z", "origin": [8, 9, 0]},
			"faces": {
				"north": {"uv": [0, 0, 0, 16], "rotation": 270, "texture": "#missing"},
				"east": {"uv": [0, 0, 0, 4], "rotation": 90, "texture": "#missing"},
				"south": {"uv": [0, 0, 0, 16], "rotation": 270, "texture": "#missing"},
				"west": {"uv": [0, 0, 0, 4], "rotation": 270, "texture": "#missing"},
				"up": {"uv": [16, 0, 0, 4], "texture": "#17"},
				"down": {"uv": [0, 0, 16, 4], "rotation": 180, "texture": "#17"}
			}
		},
		{
			"from": [10, 9, -2],
			"to": [27, 9, 2],
			"rotation": {"angle": 22.5, "axis": "z", "origin": [10, 9, 0]},
			"faces": {
				"north": {"uv": [0, 0, 0, 16], "rotation": 90, "texture": "#missing"},
				"east": {"uv": [0, 0, 0, 4], "rotation": 90, "texture": "#missing"},
				"south": {"uv": [0, 0, 0, 16], "rotation": 90, "texture": "#missing"},
				"west": {"uv": [0, 0, 0, 4], "rotation": 270, "texture": "#missing"},
				"up": {"uv": [0, 4, 16, 8], "texture": "#17"},
				"down": {"uv": [16, 4, 0, 8], "rotation": 180, "texture": "#17"}
			}
		},
		{
			"from": [-9, 9, -2],
			"to": [8, 9, 2],
			"rotation": {"angle": -22.5, "axis": "z", "origin": [8, 9, 0]},
			"faces": {
				"north": {"uv": [0, 0, 0, 16], "rotation": 270, "texture": "#missing"},
				"east": {"uv": [0, 0, 0, 4], "rotation": 90, "texture": "#missing"},
				"south": {"uv": [0, 0, 0, 16], "rotation": 270, "texture": "#missing"},
				"west": {"uv": [0, 0, 0, 4], "rotation": 270, "texture": "#missing"},
				"up": {"uv": [16, 4, 0, 8], "texture": "#17"},
				"down": {"uv": [0, 4, 16, 8], "rotation": 180, "texture": "#17"}
			}
		},
		{
			"from": [8, 9, -2],
			"to": [8, 26, 2],
			"rotation": {"angle": 22.5, "axis": "z", "origin": [8, 9, 0]},
			"faces": {
				"north": {"uv": [0, 0, 0, 16], "rotation": 180, "texture": "#missing"},
				"east": {"uv": [16, 8, 0, 12], "rotation": 90, "texture": "#17"},
				"south": {"uv": [0, 0, 0, 16], "texture": "#missing"},
				"west": {"uv": [0, 8, 16, 12], "rotation": 270, "texture": "#17"},
				"up": {"uv": [0, 0, 0, 4], "texture": "#missing"},
				"down": {"uv": [0, 0, 0, 4], "rotation": 180, "texture": "#missing"}
			}
		},
		{
			"from": [10, 9, -2],
			"to": [10, 26, 2],
			"rotation": {"angle": -22.5, "axis": "z", "origin": [10, 9, 0]},
			"faces": {
				"north": {"uv": [0, 0, 0, 16], "rotation": 180, "texture": "#missing"},
				"east": {"uv": [16, 8, 0, 12], "rotation": 90, "texture": "#17"},
				"south": {"uv": [0, 0, 0, 16], "texture": "#missing"},
				"west": {"uv": [0, 8, 16, 12], "rotation": 270, "texture": "#17"},
				"up": {"uv": [0, 0, 0, 4], "texture": "#missing"},
				"down": {"uv": [0, 0, 0, 4], "rotation": 180, "texture": "#missing"}
			}
		}
	],
	"display": {
		"thirdperson_righthand": {
			"rotation": [64, 0, 0],
			"translation": [-8.5, 0.75, 17],
			"scale": [2.5, 2.5, 2.5]
		}
	},
	"groups": [
		{
			"name": "group",
			"origin": [12, 27, 2],
			"children": [0, 1, 2, 3, 4, 5, 6, 7, 8, 9, 10]
		},
		{
			"name": "group",
			"origin": [5, 17, 16],
			"children": [11, 12, 13, 14, 15, 16, 17, 18, 19, 20, 21, 22, 23]
		},
		{
			"name": "group",
			"origin": [14, 0, 15],
			"children": [24, 25, 26]
		},
		{
			"name": "group",
			"origin": [10, 16, 12],
			"children": [27, 28, 29, 30, 31, 32]
		}
	]
}