{
	"parent": "minecraft:item/generated",
	"textures": {
		"layer0": "minecraft:custom/spawner/mechanical_worm/mechanical_worm"
	},
	"display": {
		"thirdperson_righthand": {
             "rotation": [ 0, 0, 0 ],
             "translation": [ 0, 1.5, 1 ],
             "scale": [ 0.55, 0.55, 0.55 ]
         },
         "thirdperson_lefthand": {
             "rotation": [ 0, 0, 0 ],
             "translation": [ 0, 1.5, 1 ],
             "scale": [ 0.55, 0.55, 0.55 ]
         }
	}
}