{
	"credit": "Made with Blockbench",
	"textures": {
		"1": "custom/magic/soul_bolt/soul_bolt_enchant_08",
		"2": "custom/magic/soul_bolt/soul_bolt_book",
		"particle": "custom/magic/soul_bolt/soul_bolt_book"
	},
	"elements": [
		{
			"from": [0, 0, 0],
			"to": [16, 16, 0],
			"faces": {
				"north": {"uv": [0, 8, 8, 16], "texture": "#1"},
				"east": {"uv": [0, 0, 0, 16], "texture": "#missing"},
				"south": {"uv": [8, 8, 0, 16], "texture": "#1"},
				"west": {"uv": [0, 0, 0, 16], "texture": "#missing"},
				"up": {"uv": [0, 0, 16, 0], "texture": "#missing"},
				"down": {"uv": [0, 0, 16, 0], "texture": "#missing"}
			}
		},
		{
			"from": [-16, 0, 0],
			"to": [0, 16, 0],
			"rotation": {"angle": 0, "axis": "y", "origin": [-8, 8, 8]},
			"faces": {
				"north": {"uv": [8, 8, 16, 16], "texture": "#1"},
				"east": {"uv": [0, 0, 0, 16], "texture": "#missing"},
				"south": {"uv": [16, 8, 8, 16], "texture": "#1"},
				"west": {"uv": [0, 0, 0, 16], "texture": "#missing"},
				"up": {"uv": [0, 0, 16, 0], "texture": "#missing"},
				"down": {"uv": [0, 0, 16, 0], "texture": "#missing"}
			}
		},
		{
			"from": [-16, 16, 0],
			"to": [0, 32, 0],
			"rotation": {"angle": 0, "axis": "y", "origin": [-8, 24, 8]},
			"faces": {
				"north": {"uv": [8, 0, 16, 8], "texture": "#1"},
				"east": {"uv": [0, 0, 0, 16], "texture": "#missing"},
				"south": {"uv": [16, 0, 8, 8], "texture": "#1"},
				"west": {"uv": [0, 0, 0, 16], "texture": "#missing"},
				"up": {"uv": [0, 0, 16, 0], "texture": "#missing"},
				"down": {"uv": [0, 0, 16, 0], "texture": "#missing"}
			}
		},
		{
			"from": [0, 16, 0],
			"to": [16, 32, 0],
			"rotation": {"angle": 0, "axis": "y", "origin": [8, 24, 8]},
			"faces": {
				"north": {"uv": [0, 0, 8, 8], "texture": "#1"},
				"east": {"uv": [0, 0, 0, 16], "texture": "#missing"},
				"south": {"uv": [8, 0, 0, 8], "texture": "#1"},
				"west": {"uv": [0, 0, 0, 16], "texture": "#missing"},
				"up": {"uv": [0, 0, 16, 0], "texture": "#missing"},
				"down": {"uv": [0, 0, 16, 0], "texture": "#missing"}
			}
		},
		{
			"from": [0, 14, 7],
			"to": [5, 15, 14],
			"rotation": {"angle": 22.5, "axis": "z", "origin": [5, 15, 11]},
			"faces": {
				"north": {"uv": [7, 7, 12, 14], "texture": "#2"},
				"east": {"uv": [7, 7, 14, 14], "texture": "#2"},
				"south": {"uv": [7, 7, 12, 14], "texture": "#2"},
				"west": {"uv": [0, 0, 7, 1], "texture": "#missing"},
				"up": {"uv": [5, 8, 0, 15], "texture": "#2"},
				"down": {"uv": [7, 0, 12, 7], "texture": "#2"}
			}
		},
		{
			"from": [-1, 12, 7],
			"to": [1, 13, 14],
			"rotation": {"angle": 0, "axis": "y", "origin": [7, 20, 15]},
			"faces": {
				"north": {"uv": [7, 7, 9, 14], "texture": "#2"},
				"east": {"uv": [7, 7, 0, 8], "texture": "#2"},
				"south": {"uv": [7, 7, 9, 14], "texture": "#2"},
				"west": {"uv": [0, 7, 7, 8], "texture": "#2"},
				"up": {"uv": [0, 8, 2, 15], "texture": "#2"},
				"down": {"uv": [5, 0, 7, 7], "texture": "#2"}
			}
		},
		{
			"from": [-5, 12, 7],
			"to": [0, 13, 14],
			"rotation": {"angle": -22.5, "axis": "z", "origin": [0, 13, 11]},
			"faces": {
				"north": {"uv": [7, 7, 12, 14], "texture": "#2"},
				"east": {"uv": [0, 0, 7, 1], "texture": "#missing"},
				"south": {"uv": [7, 7, 12, 14], "texture": "#2"},
				"west": {"uv": [7, 7, 14, 14], "texture": "#2"},
				"up": {"uv": [0, 8, 5, 15], "texture": "#2"},
				"down": {"uv": [0, 0, 5, 7], "texture": "#2"}
			}
		},
		{
			"from": [-4, 16, 7],
			"to": [4, 16, 15],
			"rotation": {"angle": 22.5, "axis": "x", "origin": [0, 16, 11]},
			"faces": {
				"north": {"uv": [0, 0, 8, 0], "texture": "#missing"},
				"east": {"uv": [0, 0, 8, 0], "texture": "#missing"},
				"south": {"uv": [0, 0, 8, 0], "texture": "#missing"},
				"west": {"uv": [0, 0, 8, 0], "texture": "#missing"},
				"up": {"uv": [4, 4, 12, 12], "texture": "#1"},
				"down": {"uv": [4, 12, 12, 4], "texture": "#1"}
			}
		}
	],
	"display": {
		"thirdperson_righthand": {
			"rotation": [35, -40, 0],
			"translation": [7.75, -4, -2]
		},
		"thirdperson_lefthand": {
			"translation": [-7.75, -4, -2]
		},
		"firstperson_righthand": {
			"rotation": [20, -20, 10],
			"translation": [13, -1.5, 0.5]
		},
		"firstperson_lefthand": {
			"translation": [-6.25, 0, 0]
		},
		"ground": {
			"translation": [4.5, -8.25, -0.75]
		},
		"gui": {
			"rotation": [90, 0, 0],
			"translation": [10, 3.25, 0],
			"scale": [1.3, 1.3, 1.3]
		},
		"fixed": {
			"translation": [7.75, -4.75, -4.75]
		}
	},
	"groups": [
		{
			"name": "group",
			"origin": [8, 24, 8],
			"children": [0, 1, 2, 3]
		},
		{
			"name": "group",
			"origin": [1, 1, 11],
			"children": [4, 5, 6, 7]
		}
	]
}