{
	"credit": "Made with Blockbench",
	"texture_size": [64, 64],
	"textures": {
		"0": "enderman/enderman",
		"particle": "enderman/enderman"
	},
	"elements": [
		{
			"name": "body",
			"from": [-4, 26, -2],
			"to": [4, 38, 2],
			"shade": false,
			"faces": {
				"north": {"uv": [9, 5, 11, 8], "texture": "#0"},
				"east": {"uv": [8, 5, 9, 8], "texture": "#0"},
				"south": {"uv": [11, 5, 13, 8], "texture": "#0"},
				"west": {"uv": [13, 5, 14, 8], "texture": "#0"},
				"up": {"uv": [9, 4, 11, 5], "texture": "#0"},
				"down": {"uv": [11, 4, 13, 5], "texture": "#0"}
			}
		},
		{
			"name": "head",
			"from": [-4, 24, -4],
			"to": [4, 32, 4],
			"shade": false,
			"faces": {
				"north": {"uv": [2, 6, 4, 8], "texture": "#0"},
				"east": {"uv": [0, 6, 2, 8], "texture": "#0"},
				"south": {"uv": [6, 6, 8, 8], "texture": "#0"},
				"west": {"uv": [4, 6, 6, 8], "texture": "#0"},
				"up": {"uv": [0, 0, 0.25, 0.25], "texture": "#0"},
				"down": {"uv": [4, 4, 6, 6], "texture": "#0"}
			}
		},
		{
			"name": "hat",
			"from": [-3.5, 38.5, -3.5],
			"to": [3.5, 45.5, 3.5],
			"shade": false,
			"faces": {
				"north": {"uv": [2, 2, 4, 4], "texture": "#0"},
				"east": {"uv": [0, 2, 2, 4], "texture": "#0"},
				"south": {"uv": [6, 2, 8, 4], "texture": "#0"},
				"west": {"uv": [4, 2, 6, 4], "texture": "#0"},
				"up": {"uv": [2, 0, 4, 2], "texture": "#0"},
				"down": {"uv": [0, 0, 2, 0], "texture": "#0"}
			}
		},
		{
			"name": "rightArm",
			"from": [-4, 8, -1],
			"to": [-2, 38, 1],
			"shade": false,
			"faces": {
				"north": {"uv": [14.5, 0.5, 15, 8], "texture": "#0"},
				"east": {"uv": [14, 0.5, 14.5, 8], "texture": "#0"},
				"south": {"uv": [15.5, 0.5, 16, 8], "texture": "#0"},
				"west": {"uv": [15, 0.5, 15.5, 8], "texture": "#0"},
				"up": {"uv": [14.5, 0, 15, 0.5], "texture": "#0"},
				"down": {"uv": [15, 0, 15.5, 0.5], "texture": "#0"}
			}
		},
		{
			"name": "leftArm",
			"from": [4, 8, -1],
			"to": [6, 38, 1],
			"faces": {
				"north": {"uv": [14.5, 0.5, 15, 8], "texture": "#0"},
				"east": {"uv": [14, 0.5, 14.5, 8], "texture": "#0"},
				"south": {"uv": [15.5, 0.5, 16, 8], "texture": "#0"},
				"west": {"uv": [15, 0.5, 15.5, 8], "texture": "#0"},
				"up": {"uv": [14.5, 0, 15, 0.5], "texture": "#0"},
				"down": {"uv": [15, 0, 15.5, 0.5], "texture": "#0"}
			}
		},
		{
			"name": "rightLeg",
			"from": [-3, -4, -1],
			"to": [-1, 26, 1],
			"shade": false,
			"faces": {
				"north": {"uv": [14.5, 0.5, 15, 8], "texture": "#0"},
				"east": {"uv": [14, 0.5, 14.5, 8], "texture": "#0"},
				"south": {"uv": [15.5, 0.5, 16, 8], "texture": "#0"},
				"west": {"uv": [15, 0.5, 15.5, 8], "texture": "#0"},
				"up": {"uv": [14.5, 0, 15, 0.5], "texture": "#0"},
				"down": {"uv": [15, 0, 15.5, 0.5], "texture": "#0"}
			}
		},
		{
			"name": "leftLeg",
			"from": [1, -4, -1],
			"to": [3, 26, 1],
			"faces": {
				"north": {"uv": [14.5, 0.5, 15, 8], "texture": "#0"},
				"east": {"uv": [14, 0.5, 14.5, 8], "texture": "#0"},
				"south": {"uv": [15.5, 0.5, 16, 8], "texture": "#0"},
				"west": {"uv": [15, 0.5, 15.5, 8], "texture": "#0"},
				"up": {"uv": [14.5, 0, 15, 0.5], "texture": "#0"},
				"down": {"uv": [15, 0, 15.5, 0.5], "texture": "#0"}
			}
		}
	],
	"groups": [
		{
			"name": "body",
			"origin": [0, 38, 0],
			"shade": false,
			"children": [0]
		},
		{
			"name": "head",
			"origin": [0, 24, 0],
			"shade": false,
			"children": [1]
		},
		{
			"name": "headwear",
			"origin": [0, 38, 0],
			"shade": false,
			"children": [2]
		},
		{
			"name": "right_arm",
			"origin": [-3, 36, 0],
			"shade": false,
			"children": [3]
		},
		{
			"name": "left_arm",
			"origin": [5, 36, 0],
			"shade": false,
			"children": [4]
		},
		{
			"name": "right_leg",
			"origin": [-2, 26, 0],
			"shade": false,
			"children": [5]
		},
		{
			"name": "left_leg",
			"origin": [2, 26, 0],
			"shade": false,
			"children": [6]
		}
	]
}