{
	"credit": "Made with Blockbench",
	"textures": {
		"1": "custom/boss/slime_queen/slime_queen_crystal",
		"2": "custom/boss/slime_queen/queen_slime_crown",
		"3": "custom/boss/slime_queen/slime_queen_membrane",
		"particle": "custom/boss/slime_queen/slime_queen"
	},
	"elements": [
		{
			"from": [7, 23, 7],
			"to": [7, 27, 23],
			"rotation": {"angle": 0, "axis": "y", "origin": [15, 31, 15]},
			"faces": {
				"north": {"uv": [0, 0, 0, 4], "texture": "#2"},
				"east": {"uv": [0, 12, 16, 16], "texture": "#2"},
				"south": {"uv": [0, 0, 0, 4], "texture": "#2"},
				"west": {"uv": [0, 4, 16, 8], "texture": "#2"},
				"up": {"uv": [0, 0, 0, 16], "texture": "#2"},
				"down": {"uv": [0, 0, 0, 16], "texture": "#2"}
			}
		},
		{
			"from": [7, 23, 23],
			"to": [23, 27, 23],
			"rotation": {"angle": 0, "axis": "y", "origin": [15, 31, 31]},
			"faces": {
				"north": {"uv": [0, 12, 16, 16], "texture": "#2"},
				"east": {"uv": [0, 0, 0, 4], "texture": "#missing"},
				"south": {"uv": [0, 4, 16, 8], "texture": "#2"},
				"west": {"uv": [0, 0, 0, 4], "texture": "#missing"},
				"up": {"uv": [0, 0, 16, 0], "texture": "#missing"},
				"down": {"uv": [0, 0, 16, 0], "texture": "#missing"}
			}
		},
		{
			"from": [7, 27, 7],
			"to": [9, 29, 7],
			"rotation": {"angle": 0, "axis": "y", "origin": [15, 35, 15]},
			"faces": {
				"north": {"uv": [10, 8, 8, 10], "texture": "#2"},
				"east": {"uv": [0, 0, 0, 2], "texture": "#2"},
				"south": {"uv": [8, 8, 10, 10], "texture": "#2"},
				"west": {"uv": [0, 0, 0, 2], "texture": "#2"},
				"up": {"uv": [0, 0, 2, 0], "texture": "#2"},
				"down": {"uv": [0, 0, 2, 0], "texture": "#2"}
			}
		},
		{
			"from": [9, 27, 23],
			"to": [13, 31, 23],
			"rotation": {"angle": 0, "axis": "y", "origin": [17, 35, 31]},
			"faces": {
				"north": {"uv": [4, 8, 8, 12], "texture": "#2"},
				"east": {"uv": [0, 0, 0, 2], "texture": "#missing"},
				"south": {"uv": [4, 8, 8, 12], "texture": "#2"},
				"west": {"uv": [0, 0, 0, 2], "texture": "#missing"},
				"up": {"uv": [0, 0, 2, 0], "texture": "#missing"},
				"down": {"uv": [0, 0, 2, 0], "texture": "#missing"}
			}
		},
		{
			"from": [13, 27, 7],
			"to": [17, 31, 7],
			"rotation": {"angle": 0, "axis": "y", "origin": [23, 35, 15]},
			"faces": {
				"north": {"uv": [0, 8, 4, 12], "texture": "#2"},
				"east": {"uv": [0, 0, 0, 2], "texture": "#missing"},
				"south": {"uv": [0, 8, 4, 12], "texture": "#2"},
				"west": {"uv": [0, 0, 0, 2], "texture": "#missing"},
				"up": {"uv": [0, 0, 2, 0], "texture": "#missing"},
				"down": {"uv": [0, 0, 2, 0], "texture": "#missing"}
			}
		},
		{
			"from": [21, 27, 7],
			"to": [23, 29, 7],
			"rotation": {"angle": 0, "axis": "y", "origin": [29, 35, 15]},
			"faces": {
				"north": {"uv": [8, 8, 10, 10], "texture": "#2"},
				"east": {"uv": [0, 0, 0, 2], "texture": "#2"},
				"south": {"uv": [10, 8, 8, 10], "texture": "#2"},
				"west": {"uv": [0, 0, 0, 2], "texture": "#2"},
				"up": {"uv": [0, 0, 2, 0], "texture": "#2"},
				"down": {"uv": [0, 0, 2, 0], "texture": "#2"}
			}
		},
		{
			"from": [21, 29, 12],
			"to": [23, 29, 14],
			"rotation": {"angle": 0, "axis": "y", "origin": [23, 29, 10]},
			"faces": {
				"north": {"uv": [0, 0, 0, 2], "rotation": 90, "texture": "#2"},
				"east": {"uv": [0, 0, 0, 2], "rotation": 270, "texture": "#2"},
				"south": {"uv": [0, 0, 0, 2], "rotation": 270, "texture": "#2"},
				"west": {"uv": [0, 0, 0, 2], "rotation": 270, "texture": "#2"},
				"up": {"uv": [8, 8, 10, 10], "rotation": 270, "texture": "#2"},
				"down": {"uv": [8, 8, 10, 10], "rotation": 270, "texture": "#2"}
			}
		},
		{
			"from": [7, 29, 12],
			"to": [9, 29, 14],
			"rotation": {"angle": 0, "axis": "y", "origin": [15, 35, 17]},
			"faces": {
				"north": {"uv": [0, 0, 0, 2], "rotation": 90, "texture": "#2"},
				"east": {"uv": [0, 0, 0, 2], "rotation": 270, "texture": "#2"},
				"south": {"uv": [0, 0, 0, 2], "rotation": 270, "texture": "#2"},
				"west": {"uv": [0, 0, 0, 2], "rotation": 270, "texture": "#2"},
				"up": {"uv": [8, 8, 10, 10], "rotation": 270, "texture": "#2"},
				"down": {"uv": [8, 8, 10, 10], "rotation": 270, "texture": "#2"}
			}
		},
		{
			"from": [23, 27, 12],
			"to": [23, 29, 14],
			"rotation": {"angle": 0, "axis": "y", "origin": [31, 35, 21]},
			"faces": {
				"north": {"uv": [0, 0, 0, 2], "texture": "#2"},
				"east": {"uv": [8, 8, 10, 10], "texture": "#2"},
				"south": {"uv": [0, 0, 0, 2], "texture": "#2"},
				"west": {"uv": [10, 8, 8, 10], "texture": "#2"},
				"up": {"uv": [0, 0, 0, 2], "texture": "#2"},
				"down": {"uv": [0, 0, 0, 2], "texture": "#2"}
			}
		},
		{
			"from": [7, 27, 12],
			"to": [7, 29, 14],
			"rotation": {"angle": 0, "axis": "y", "origin": [15, 35, 21]},
			"faces": {
				"north": {"uv": [0, 0, 0, 2], "texture": "#2"},
				"east": {"uv": [8, 8, 10, 10], "texture": "#2"},
				"south": {"uv": [0, 0, 0, 2], "texture": "#2"},
				"west": {"uv": [10, 8, 8, 10], "texture": "#2"},
				"up": {"uv": [0, 0, 0, 2], "texture": "#2"},
				"down": {"uv": [0, 0, 0, 2], "texture": "#2"}
			}
		},
		{
			"from": [23, 27, 17],
			"to": [23, 29, 19],
			"rotation": {"angle": 0, "axis": "y", "origin": [31, 35, 25]},
			"faces": {
				"north": {"uv": [0, 0, 0, 2], "texture": "#2"},
				"east": {"uv": [8, 8, 10, 10], "texture": "#2"},
				"south": {"uv": [0, 0, 0, 2], "texture": "#2"},
				"west": {"uv": [10, 8, 8, 10], "texture": "#2"},
				"up": {"uv": [0, 0, 0, 2], "texture": "#2"},
				"down": {"uv": [0, 0, 0, 2], "texture": "#2"}
			}
		},
		{
			"from": [7, 27, 17],
			"to": [7, 29, 19],
			"rotation": {"angle": 0, "axis": "y", "origin": [15, 35, 25]},
			"faces": {
				"north": {"uv": [0, 0, 0, 2], "texture": "#2"},
				"east": {"uv": [8, 8, 10, 10], "texture": "#2"},
				"south": {"uv": [0, 0, 0, 2], "texture": "#2"},
				"west": {"uv": [10, 8, 8, 10], "texture": "#2"},
				"up": {"uv": [0, 0, 0, 2], "texture": "#2"},
				"down": {"uv": [0, 0, 0, 2], "texture": "#2"}
			}
		},
		{
			"from": [17, 27, 23],
			"to": [21, 31, 23],
			"rotation": {"angle": 0, "axis": "y", "origin": [27, 35, 31]},
			"faces": {
				"north": {"uv": [4, 8, 8, 12], "texture": "#2"},
				"east": {"uv": [0, 0, 0, 2], "texture": "#missing"},
				"south": {"uv": [4, 8, 8, 12], "texture": "#2"},
				"west": {"uv": [0, 0, 0, 2], "texture": "#missing"},
				"up": {"uv": [0, 0, 2, 0], "texture": "#missing"},
				"down": {"uv": [0, 0, 2, 0], "texture": "#missing"}
			}
		},
		{
			"from": [7, 23, 7],
			"to": [23, 27, 7],
			"rotation": {"angle": 0, "axis": "y", "origin": [15, 31, 15]},
			"faces": {
				"north": {"uv": [0, 0, 16, 4], "texture": "#2"},
				"east": {"uv": [0, 0, 0, 4], "texture": "#missing"},
				"south": {"uv": [0, 12, 16, 16], "texture": "#2"},
				"west": {"uv": [0, 0, 0, 4], "texture": "#missing"},
				"up": {"uv": [0, 0, 16, 0], "texture": "#missing"},
				"down": {"uv": [0, 0, 16, 0], "texture": "#missing"}
			}
		},
		{
			"from": [23, 23, 7],
			"to": [23, 27, 23],
			"rotation": {"angle": 0, "axis": "y", "origin": [31, 31, 15]},
			"faces": {
				"north": {"uv": [0, 0, 0, 4], "texture": "#missing"},
				"east": {"uv": [0, 4, 16, 8], "texture": "#2"},
				"south": {"uv": [0, 0, 0, 4], "texture": "#missing"},
				"west": {"uv": [0, 12, 16, 16], "texture": "#2"},
				"up": {"uv": [0, 0, 0, 16], "texture": "#missing"},
				"down": {"uv": [0, 0, 0, 16], "texture": "#missing"}
			}
		},
		{
			"from": [11, 0, 15],
			"to": [19, 10, 15],
			"rotation": {"angle": 0, "axis": "y", "origin": [17, 7, 23]},
			"faces": {
				"north": {"uv": [0, 0, 8, 10], "texture": "#1"},
				"east": {"uv": [0, 0, 0, 10], "texture": "#missing"},
				"south": {"uv": [8, 0, 0, 10], "texture": "#1"},
				"west": {"uv": [0, 0, 0, 10], "texture": "#missing"},
				"up": {"uv": [0, 0, 8, 0], "texture": "#missing"},
				"down": {"uv": [0, 0, 8, 0], "texture": "#missing"}
			}
		},
		{
			"from": [15, 0, 11],
			"to": [15, 10, 19],
			"rotation": {"angle": 0, "axis": "y", "origin": [7, 7, 17]},
			"faces": {
				"north": {"uv": [12, 8.5, 16, 13.5], "texture": "#1"},
				"east": {"uv": [8, 0, 0, 10], "texture": "#1"},
				"south": {"uv": [0, 0, 0, 10], "texture": "#1"},
				"west": {"uv": [0, 0, 8, 10], "texture": "#1"},
				"up": {"uv": [0, 0, 8, 0], "rotation": 90, "texture": "#1"},
				"down": {"uv": [0, 0, 8, 0], "rotation": 270, "texture": "#1"}
			}
		},
		{
			"from": [19, 0, 16],
			"to": [19, 10, 24],
			"rotation": {"angle": 45, "axis": "y", "origin": [11, 7, 22]},
			"faces": {
				"north": {"uv": [12, 8.5, 16, 13.5], "texture": "#1"},
				"east": {"uv": [8, 0, 16, 10], "texture": "#1"},
				"south": {"uv": [0, 0, 0, 10], "texture": "#1"},
				"west": {"uv": [16, 0, 8, 10], "texture": "#1"},
				"up": {"uv": [0, 0, 8, 0], "rotation": 90, "texture": "#1"},
				"down": {"uv": [0, 0, 8, 0], "rotation": 270, "texture": "#1"}
			}
		},
		{
			"from": [6, 0, 19],
			"to": [14, 10, 19],
			"rotation": {"angle": 45, "axis": "y", "origin": [8, 7, 11]},
			"faces": {
				"north": {"uv": [8, 10, 16, 0], "texture": "#1"},
				"east": {"uv": [0, 0, 0, 10], "texture": "#1"},
				"south": {"uv": [16, 10, 8, 0], "texture": "#1"},
				"west": {"uv": [0, 0, 0, 10], "texture": "#1"},
				"up": {"uv": [0, 0, 8, 0], "rotation": 180, "texture": "#1"},
				"down": {"uv": [0, 0, 8, 0], "rotation": 180, "texture": "#1"}
			}
		},
		{
			"from": [3, -5, 3],
			"to": [27, 19, 27],
			"rotation": {"angle": 0, "axis": "y", "origin": [11, 3, 11]},
			"faces": {
				"north": {"uv": [3, 11, 6, 14], "texture": "#3"},
				"east": {"uv": [0, 11, 3, 14], "texture": "#3"},
				"south": {"uv": [9, 11, 12, 14], "texture": "#3"},
				"west": {"uv": [6, 11, 9, 14], "texture": "#3"},
				"up": {"uv": [3, 8, 6, 11], "texture": "#3"},
				"down": {"uv": [6, 8, 9, 11], "texture": "#3"}
			}
		}
	],
	"display": {
		"thirdperson_righthand": {
			"rotation": [90, 0, 0],
			"translation": [-34, 26, -45.5],
			"scale": [4, 4, 4]
		}
	},
	"groups": [
		{
			"name": "crown",
			"origin": [27, 35, 31],
			"children": [0, 1, 2, 3, 4, 5, 6, 7, 8, 9, 10, 11, 12, 13, 14]
		},
		{
			"name": "crystal",
			"origin": [8, 7, 11],
			"children": [15, 16, 17, 18]
		}, 19]
}