{
    "parent": "item/generated",
    "textures": {
        "layer0": "item/bow"
    },
    "display": {
        "thirdperson_righthand": {
            "rotation": [ -80, 260, -40 ],
            "translation": [ -1, -2, 2.5 ],
            "scale": [ 0.9, 0.9, 0.9 ]
        },
        "thirdperson_lefthand": {
            "rotation": [ -80, -280, 40 ],
            "translation": [ -1, -2, 2.5 ],
            "scale": [ 0.9, 0.9, 0.9 ]
        },
        "firstperson_righthand": {
            "rotation": [ 0, -90, 25 ],
            "translation": [ 1.13, 3.2, 1.13],
            "scale": [ 0.68, 0.68, 0.68 ]
        },
        "firstperson_lefthand": {
            "rotation": [ 0, 90, -25 ],
            "translation": [ 1.13, 3.2, 1.13],
            "scale": [ 0.68, 0.68, 0.68 ]
        }
    },
    "overrides": [
        {
            "predicate": {
                "custom_model_data": 1
            },
            "model": "item/spawner/bloody_spine/bloody_spine"
        },
        {
            "predicate": {
                "custom_model_data": 2
            },
            "model": "item/spawner/mechanical_worm/mechanical_worm"
        },
        {
            "predicate": {
                "custom_model_data": 3
            },
            "model": "item/spawner/slime_crown/slime_crown"
        },
        {
            "predicate": {
                "custom_model_data": 5
            },
            "model": "item/spawner/ink_heart/ink_heart"
        },
        {
            "predicate": {
                "custom_model_data": 7
            },
            "model": "item/spawner/gelatin_crystal/gelatin_crystal"
        },
        {
            "predicate": {
                "custom_model_data": 8001
            },
            "model": "item/magic/lapis_staff/lapis_staff"
        },
        {
            "predicate": {
                "custom_model_data": 8002
            },
            "model": "item/magic/redstone_staff/redstone_staff"
        },
        {
            "predicate": {
                "custom_model_data": 8003
            },
            "model": "item/magic/emerald_staff/emerald_staff"
        },
        {
            "predicate": {
                "custom_model_data": 8004
            },
            "model": "item/magic/diamond_staff/diamond_staff"
        },
        {
            "predicate": {
                "custom_model_data": 8005
            },
            "model": "item/magic/wand_of_sparking/wand_of_sparking"
        },
        {
            "predicate": {
                "custom_model_data": 8006
            },
            "model": "item/magic/aqua_scepter/aqua_scepter"
        },
        {
            "predicate": {
                "custom_model_data": 8008
            },
            "model": "item/magic/rainbow_rod/rainbow_rod"
        },
        {
            "predicate": {
                "custom_model_data": 8009
            },
            "model": "item/magic/shadowbeam_staff/shadowbeam_staff"
        },
        {
            "predicate": {
                "pulling": 1
            },
            "model": "item/bow_pulling_0"
        },
        {
            "predicate": {
                "pulling": 1,
                "pull": 0.65
            },
            "model": "item/bow_pulling_1"
        },
        {
            "predicate": {
                "pulling": 1,
                "pull": 0.9
            },
            "model": "item/bow_pulling_2"
        },
        {
            "predicate": {
                "custom_model_data": 1,
                "pulling": 1
            },
            "model": "item/spawner/bloody_spine/bloody_spine_charge_1"
        },
        {
            "predicate": {
                "custom_model_data": 1,
                "pulling": 1,
                "pull": 0.65
            },
            "model": "item/spawner/bloody_spine/bloody_spine_charge_2"
        },
        {
            "predicate": {
                "custom_model_data": 1,
                "pulling": 1,
                "pull": 0.9
            },
            "model": "item/spawner/bloody_spine/bloody_spine_charge_3"
        },
        {
            "predicate": {
                "custom_model_data": 2,
                "pulling": 1
            },
            "model": "item/spawner/mechanical_worm/mechanical_worm_charge_1"
        },
        {
            "predicate": {
                "custom_model_data": 2,
                "pulling": 1,
                "pull": 0.65
            },
            "model": "item/spawner/mechanical_worm/mechanical_worm_charge_2"
        },
        {
            "predicate": {
                "custom_model_data": 2,
                "pulling": 1,
                "pull": 0.9
            },
            "model": "item/spawner/mechanical_worm/mechanical_worm_charge_3"
        },
		{
			"predicate": {
				"custom_model_data": 3,
				"pulling": 1
			},
			"model": "item/spawner/slime_crown/slime_crown_charge_1"
		},
        {
            "predicate": {
                "custom_model_data": 3,
                "pulling": 1,
                "pull": 0.65
            },
            "model": "item/spawner/slime_crown/slime_crown_charge_2"
        },
        {
            "predicate": {
                "custom_model_data": 3,
                "pulling": 1,
                "pull": 0.9
            },
            "model": "item/spawner/slime_crown/slime_crown_charge_3"
        },
        {
            "predicate": {
                "custom_model_data": 5,
                "pulling": 1
            },
            "model": "item/spawner/ink_heart/ink_heart_charge_1"
        },
        {
            "predicate": {
                "custom_model_data": 5,
                "pulling": 1,
                "pull": 0.65
            },
            "model": "item/spawner/ink_heart/ink_heart_charge_2"
        },
        {
            "predicate": {
                "custom_model_data": 5,
                "pulling": 1,
                "pull": 0.9
            },
            "model": "item/spawner/ink_heart/ink_heart_charge_3"
        },
        {
            "predicate": {
                "custom_model_data": 7,
                "pulling": 1
            },
            "model": "item/spawner/gelatin_crystal/gelatin_crystal_charge_1"
        },
        {
            "predicate": {
                "custom_model_data": 7,
                "pulling": 1,
                "pull": 0.65
            },
            "model": "item/spawner/gelatin_crystal/gelatin_crystal_charge_2"
        },
        {
            "predicate": {
                "custom_model_data": 7,
                "pulling": 1,
                "pull": 0.9
            },
            "model": "item/spawner/gelatin_crystal/gelatin_crystal_charge_3"
        },
        {
            "predicate": {
                "custom_model_data": 8001,
                "pulling": 1
            },
            "model": "item/magic/lapis_staff/lapis_staff_charge_1"
        },
        {
            "predicate": {
                "custom_model_data": 8001,
                "pulling": 1,
                "pull": 0.65
            },
            "model": "item/magic/lapis_staff/lapis_staff_charge_2"
        },
        {
            "predicate": {
                "custom_model_data": 8001,
                "pulling": 1,
                "pull": 0.9
            },
            "model": "item/magic/lapis_staff/lapis_staff_charge_3"
        },
        {
            "predicate": {
                "custom_model_data": 8002,
                "pulling": 1
            },
            "model": "item/magic/redstone_staff/redstone_staff_charge_1"
        },
        {
            "predicate": {
                "custom_model_data": 8002,
                "pulling": 1,
                "pull": 0.65
            },
            "model": "item/magic/redstone_staff/redstone_staff_charge_2"
        },
        {
            "predicate": {
                "custom_model_data": 8002,
                "pulling": 1,
                "pull": 0.9
            },
            "model": "item/magic/redstone_staff/redstone_staff_charge_3"
        },
        {
            "predicate": {
                "custom_model_data": 8003,
                "pulling": 1
            },
            "model": "item/magic/emerald_staff/emerald_staff_charge_1"
        },
        {
            "predicate": {
                "custom_model_data": 8003,
                "pulling": 1,
                "pull": 0.65
            },
            "model": "item/magic/emerald_staff/emerald_staff_charge_2"
        },
        {
            "predicate": {
                "custom_model_data": 8003,
                "pulling": 1,
                "pull": 0.9
            },
            "model": "item/magic/emerald_staff/emerald_staff_charge_3"
        },
        {
            "predicate": {
                "custom_model_data": 8004,
                "pulling": 1
            },
            "model": "item/magic/diamond_staff/diamond_staff_charge_1"
        },
        {
            "predicate": {
                "custom_model_data": 8004,
                "pulling": 1,
                "pull": 0.65
            },
            "model": "item/magic/diamond_staff/diamond_staff_charge_2"
        },
        {
            "predicate": {
                "custom_model_data": 8004,
                "pulling": 1,
                "pull": 0.9
            },
            "model": "item/magic/diamond_staff/diamond_staff_charge_3"
        },
        {
            "predicate": {
                "custom_model_data": 8005,
                "pulling": 1
            },
            "model": "item/magic/wand_of_sparking/wand_of_sparking_charge_1"
        },
        {
            "predicate": {
                "custom_model_data": 8005,
                "pulling": 1,
                "pull": 0.65
            },
            "model": "item/magic/wand_of_sparking/wand_of_sparking_charge_2"
        },
        {
            "predicate": {
                "custom_model_data": 8005,
                "pulling": 1,
                "pull": 0.9
            },
            "model": "item/magic/wand_of_sparking/wand_of_sparking_charge_3"
        },
        {
            "predicate": {
                "custom_model_data": 8006,
                "pulling": 1
            },
            "model": "item/magic/aqua_scepter/aqua_scepter_charge_1"
        },
        {
            "predicate": {
                "custom_model_data": 8006,
                "pulling": 1,
                "pull": 0.65
            },
            "model": "item/magic/aqua_scepter/aqua_scepter_charge_2"
        },
        {
            "predicate": {
                "custom_model_data": 8006,
                "pulling": 1,
                "pull": 0.9
            },
            "model": "item/magic/aqua_scepter/aqua_scepter_charge_3"
        },
        {
            "predicate": {
                "custom_model_data": 8008,
                "pulling": 1
            },
            "model": "item/magic/rainbow_rod/rainbow_rod_charge_1"
        },
        {
            "predicate": {
                "custom_model_data": 8008,
                "pulling": 1,
                "pull": 0.9
            },
            "model": "item/magic/rainbow_rod/rainbow_rod_charge_2"
        },
        {
            "predicate": {
                "custom_model_data": 8009,
                "pulling": 1
            },
            "model": "item/magic/shadowbeam_staff/shadowbeam_staff_charge"
        }
    ]
}
