{
	"credit": "Made with Blockbench",
	"texture_size": [24, 16],
	"textures": {
		"0": "custom/railgun",
		"particle": "custom/railgun"
	},
	"elements": [
		{
			"from": [-1, 7, 1],
			"to": [1, 9, 1],
			"rotation": {"angle": 0, "axis": "y", "origin": [8, 15, 8]},
			"color": 2,
			"faces": {
				"north": {"uv": [0, 10, 2.66667, 14], "texture": "#missing"},
				"east": {"uv": [0, 0, 0, 2], "texture": "#missing"},
				"south": {"uv": [0, 10, 2.66667, 14], "texture": "#missing"},
				"west": {"uv": [0, 0, 0, 2], "texture": "#missing"},
				"up": {"uv": [0, 0, 1.33333, 0], "texture": "#missing"},
				"down": {"uv": [0, 0, 1.33333, 0], "texture": "#missing"}
			}
		},
		{
			"from": [-5, 3, 1],
			"to": [5, 13, 1],
			"rotation": {"angle": 0, "axis": "y", "origin": [8, 15, 8]},
			"faces": {
				"north": {"uv": [9.33333, 0, 16, 10], "texture": "#0"},
				"east": {"uv": [0, 0, 0, 10], "texture": "#0"},
				"south": {"uv": [9.33333, 0, 16, 10], "texture": "#0"},
				"west": {"uv": [0, 0, 0, 10], "texture": "#0"},
				"up": {"uv": [0, 0, 6.66667, 0], "texture": "#0"},
				"down": {"uv": [0, 0, 6.66667, 0], "texture": "#0"}
			}
		},
		{
			"from": [0, 7, 1],
			"to": [0, 11, 13],
			"rotation": {"angle": 0, "axis": "y", "origin": [8, 15, 9]},
			"faces": {
				"north": {"uv": [0, 0, 0, 5], "texture": "#0"},
				"east": {"uv": [16, 0, 0, 11], "texture": "#0"},
				"south": {"uv": [0, 0, 0, 5], "texture": "#0"},
				"west": {"uv": [0, 0, 16, 11], "texture": "#0"},
				"up": {"uv": [0, 0, 0, 12], "texture": "#0"},
				"down": {"uv": [0, 0, 0, 12], "texture": "#0"}
			}
		},
		{
			"from": [0, 5, -1],
			"to": [5, 5, 13],
			"rotation": {"angle": 0, "axis": "z", "origin": [-1, 5, 6]},
			"faces": {
				"north": {"uv": [0, 0, 0, 5], "rotation": 270, "texture": "#0"},
				"east": {"uv": [0, 0, 0, 14], "rotation": 90, "texture": "#0"},
				"south": {"uv": [0, 0, 0, 5], "rotation": 90, "texture": "#0"},
				"west": {"uv": [0, 0, 0, 14], "rotation": 90, "texture": "#0"},
				"up": {"uv": [0, 0, 16, 16], "rotation": 90, "texture": "#0"},
				"down": {"uv": [16, 0, 0, 16], "rotation": 90, "texture": "#0"}
			}
		},
		{
			"from": [1, 5, -1],
			"to": [6, 5, 13],
			"rotation": {"angle": 45, "axis": "z", "origin": [0, 5, 6]},
			"color": 2,
			"faces": {
				"north": {"uv": [0, 0, 0, 5], "rotation": 270, "texture": "#missing"},
				"east": {"uv": [0, 0, 0, 14], "rotation": 90, "texture": "#missing"},
				"south": {"uv": [0, 0, 0, 5], "rotation": 90, "texture": "#missing"},
				"west": {"uv": [0, 0, 0, 14], "rotation": 90, "texture": "#missing"},
				"up": {"uv": [0, 0, 9.33333, 5], "rotation": 90, "texture": "#missing"},
				"down": {"uv": [0, 0, 9.33333, 5], "rotation": 90, "texture": "#missing"}
			}
		},
		{
			"from": [0, 6, -1],
			"to": [0, 11, 13],
			"rotation": {"angle": 45, "axis": "z", "origin": [0, 5, 6]},
			"color": 2,
			"faces": {
				"north": {"uv": [0, 0, 0, 5], "texture": "#missing"},
				"east": {"uv": [0, 0, 9.33333, 5], "texture": "#missing"},
				"south": {"uv": [0, 0, 0, 5], "texture": "#missing"},
				"west": {"uv": [0, 0, 9.33333, 5], "texture": "#missing"},
				"up": {"uv": [0, 0, 0, 14], "texture": "#missing"},
				"down": {"uv": [0, 0, 0, 14], "texture": "#missing"}
			}
		},
		{
			"from": [0, -2, -1],
			"to": [0, 3, 13],
			"rotation": {"angle": 0, "axis": "y", "origin": [8, 6, 9]},
			"faces": {
				"north": {"uv": [0, 0, 0, 5], "texture": "#0"},
				"east": {"uv": [16, 0, 0, 16], "texture": "#0"},
				"south": {"uv": [0, 0, 0, 5], "texture": "#0"},
				"west": {"uv": [0, 0, 16, 16], "texture": "#0"},
				"up": {"uv": [0, 0, 0, 14], "texture": "#0"},
				"down": {"uv": [0, 0, 0, 14], "texture": "#0"}
			}
		},
		{
			"from": [-6, 5, -1],
			"to": [-1, 5, 13],
			"rotation": {"angle": 45, "axis": "z", "origin": [0, 5, 6]},
			"color": 2,
			"faces": {
				"north": {"uv": [0, 0, 0, 5], "rotation": 270, "texture": "#missing"},
				"east": {"uv": [0, 0, 0, 14], "rotation": 90, "texture": "#missing"},
				"south": {"uv": [0, 0, 0, 5], "rotation": 90, "texture": "#missing"},
				"west": {"uv": [0, 0, 0, 14], "rotation": 90, "texture": "#missing"},
				"up": {"uv": [0, 0, 9.33333, 5], "rotation": 90, "texture": "#missing"},
				"down": {"uv": [0, 0, 9.33333, 5], "rotation": 90, "texture": "#missing"}
			}
		},
		{
			"from": [0, -1, -1],
			"to": [0, 4, 13],
			"rotation": {"angle": 45, "axis": "z", "origin": [0, 5, 6]},
			"color": 2,
			"faces": {
				"north": {"uv": [0, 0, 0, 5], "texture": "#missing"},
				"east": {"uv": [0, 0, 9.33333, 5], "texture": "#missing"},
				"south": {"uv": [0, 0, 0, 5], "texture": "#missing"},
				"west": {"uv": [0, 0, 9.33333, 5], "texture": "#missing"},
				"up": {"uv": [0, 0, 0, 14], "texture": "#missing"},
				"down": {"uv": [0, 0, 0, 14], "texture": "#missing"}
			}
		},
		{
			"from": [-6, 5, -1],
			"to": [-1, 5, 13],
			"rotation": {"angle": 0, "axis": "z", "origin": [0, 5, 6]},
			"color": 2,
			"faces": {
				"north": {"uv": [0, 0, 0, 5], "rotation": 270, "texture": "#missing"},
				"east": {"uv": [0, 0, 0, 14], "rotation": 90, "texture": "#missing"},
				"south": {"uv": [0, 0, 0, 5], "rotation": 90, "texture": "#missing"},
				"west": {"uv": [0, 0, 0, 14], "rotation": 90, "texture": "#missing"},
				"up": {"uv": [0, 0, 9.33333, 5], "rotation": 90, "texture": "#missing"},
				"down": {"uv": [0, 0, 9.33333, 5], "rotation": 90, "texture": "#missing"}
			}
		},
		{
			"from": [-5, 0, 0],
			"to": [5, 10, 13],
			"rotation": {"angle": 0, "axis": "y", "origin": [8, 9, 8]},
			"color": 4,
			"faces": {
				"north": {"uv": [0, 0, 6.66667, 10], "texture": "#missing"},
				"east": {"uv": [0, 0, 8.66667, 10], "texture": "#missing"},
				"south": {"uv": [0, 0, 6.66667, 10], "texture": "#missing"},
				"west": {"uv": [0, 0, 8.66667, 10], "texture": "#missing"},
				"up": {"uv": [0, 0, 6.66667, 13], "texture": "#missing"},
				"down": {"uv": [0, 0, 6.66667, 13], "texture": "#missing"}
			}
		}
	],
	"display": {
		"thirdperson_righthand": {
			"translation": [6, 0, 5],
			"scale": [0.75, 0.75, 0.75]
		}
	}
}