{
	"credit": "Made with Blockbench",
	"elements": [
		{
			"from": [0, 0, 0],
			"to": [0, 10, 13],
			"color": 3,
			"faces": {
				"north": {"uv": [0, 0, 0, 10], "texture": "#missing"},
				"east": {"uv": [0, 0, 13, 10], "texture": "#missing"},
				"south": {"uv": [0, 0, 0, 10], "texture": "#missing"},
				"west": {"uv": [0, 0, 13, 10], "texture": "#missing"},
				"up": {"uv": [0, 0, 0, 13], "texture": "#missing"},
				"down": {"uv": [0, 0, 0, 13], "texture": "#missing"}
			}
		},
		{
			"from": [0, 0, 0],
			"to": [0, 10, 13],
			"rotation": {"angle": 45, "axis": "z", "origin": [0, 5, 7]},
			"color": 3,
			"faces": {
				"north": {"uv": [0, 6, 0, 16], "texture": "#missing"},
				"east": {"uv": [0, 6, 13, 16], "texture": "#missing"},
				"south": {"uv": [0, 6, 0, 16], "texture": "#missing"},
				"west": {"uv": [0, 6, 13, 16], "texture": "#missing"},
				"up": {"uv": [0, 3, 0, 16], "texture": "#missing"},
				"down": {"uv": [0, 3, 0, 16], "texture": "#missing"}
			}
		},
		{
			"from": [0, 0, 0],
			"to": [0, 10, 13],
			"rotation": {"angle": -45, "axis": "z", "origin": [0, 5, 7]},
			"color": 3,
			"faces": {
				"north": {"uv": [0, 0, 0, 10], "texture": "#missing"},
				"east": {"uv": [0, 0, 13, 10], "texture": "#missing"},
				"south": {"uv": [0, 0, 0, 10], "texture": "#missing"},
				"west": {"uv": [0, 0, 13, 10], "texture": "#missing"},
				"up": {"uv": [0, 0, 0, 13], "texture": "#missing"},
				"down": {"uv": [0, 0, 0, 13], "texture": "#missing"}
			}
		},
		{
			"from": [-5, 5, 0],
			"to": [5, 5, 13],
			"rotation": {"angle": 0, "axis": "z", "origin": [-3, 13, 8]},
			"color": 3,
			"faces": {
				"north": {"uv": [0, 0, 0, 10], "rotation": 90, "texture": "#missing"},
				"east": {"uv": [0, 0, 0, 13], "rotation": 270, "texture": "#missing"},
				"south": {"uv": [0, 0, 0, 10], "rotation": 270, "texture": "#missing"},
				"west": {"uv": [0, 0, 0, 13], "rotation": 270, "texture": "#missing"},
				"up": {"uv": [0, 0, 13, 10], "rotation": 270, "texture": "#missing"},
				"down": {"uv": [0, 0, 13, 10], "rotation": 270, "texture": "#missing"}
			}
		},
		{
			"from": [-1, 7, 1],
			"to": [1, 9, 1],
			"rotation": {"angle": 0, "axis": "y", "origin": [8, 15, 8]},
			"color": 2,
			"faces": {
				"north": {"uv": [0, 0, 2, 2], "texture": "#missing"},
				"east": {"uv": [0, 0, 0, 2], "texture": "#missing"},
				"south": {"uv": [0, 0, 2, 2], "texture": "#missing"},
				"west": {"uv": [0, 0, 0, 2], "texture": "#missing"},
				"up": {"uv": [0, 0, 2, 0], "texture": "#missing"},
				"down": {"uv": [0, 0, 2, 0], "texture": "#missing"}
			}
		},
		{
			"from": [-5, 3, 1],
			"to": [5, 13, 1],
			"rotation": {"angle": 0, "axis": "y", "origin": [8, 15, 8]},
			"color": 2,
			"faces": {
				"north": {"uv": [0, 0, 10, 10], "texture": "#missing"},
				"east": {"uv": [0, 0, 0, 10], "texture": "#missing"},
				"south": {"uv": [0, 0, 10, 10], "texture": "#missing"},
				"west": {"uv": [0, 0, 0, 10], "texture": "#missing"},
				"up": {"uv": [0, 0, 10, 0], "texture": "#missing"},
				"down": {"uv": [0, 0, 10, 0], "texture": "#missing"}
			}
		}
	],
	"display": {
		"thirdperson_righthand": {
			"translation": [6, 0, 5],
			"scale": [0.75, 0.75, 0.75]
		}
	}
}