{
    "parent": "item/generated",
    "textures": {
        "layer0": "item/crossbow_standby"
    },
    "display": {
        "thirdperson_righthand": {
            "rotation": [ -90, 0, -60 ],
            "translation": [ 2, 0.1, -3 ],
            "scale": [ 0.9, 0.9, 0.9 ]
        },
        "thirdperson_lefthand": {
            "rotation": [ -90, 0, 30 ],
            "translation": [ 2, 0.1, -3 ],
            "scale": [ 0.9, 0.9, 0.9 ]
        },
        "firstperson_righthand": {
            "rotation": [ -90, 0, -55 ],
            "translation": [ 1.13, 3.2, 1.13],
            "scale": [ 0.68, 0.68, 0.68 ]
        },
        "firstperson_lefthand": {
            "rotation": [ -90, 0, 35 ],
            "translation": [ 1.13, 3.2, 1.13],
            "scale": [ 0.68, 0.68, 0.68 ]
        }
    },
    "overrides": [
        {
            "predicate": {
                "pulling": 1
            },
            "model": "item/crossbow_pulling_0"
        },
        {
            "predicate": {
                "pulling": 1,
                "pull": 0.58
            },
            "model": "item/crossbow_pulling_1"
        },
        {
            "predicate": {
                "pulling": 1,
                "pull": 1.0
            },
            "model": "item/crossbow_pulling_2"
        },
        {
            "predicate": {
                "charged": 1
            },
            "model": "item/crossbow_arrow"
        },
        {
            "predicate": {
                "charged": 1,
                "firework": 1
            },
            "model": "item/crossbow_firework"
        },
        {
            "predicate": {
                "custom_model_data": 8007
            },
            "model": "item/magic/soul_bolt/soul_bolt"
        },
        {
            "predicate": {
                "custom_model_data": 8007,
                "pulling": 1
            },
            "model": "item/magic/soul_bolt/soul_bolt_enchanting"
        },
        {
            "predicate": {
                "custom_model_data": 8007,
                "pulling": 1
            },
            "model": "item/magic/soul_bolt/soul_bolt_enchant_00"
        },
        {
            "predicate": {
                "custom_model_data": 8007,
                "pulling": 1,
                "pull": 0.08
            },
            "model": "item/magic/soul_bolt/soul_bolt_enchant_01"
        },
        {
            "predicate": {
                "custom_model_data": 8007,
                "pulling": 1,
                "pull": 0.16
            },
            "model": "item/magic/soul_bolt/soul_bolt_enchant_02"
        },
        {
            "predicate": {
                "custom_model_data": 8007,
                "pulling": 1,
                "pull": 0.24
            },
            "model": "item/magic/soul_bolt/soul_bolt_enchant_03"
        },
        {
            "predicate": {
                "custom_model_data": 8007,
                "pulling": 1,
                "pull": 0.32
            },
            "model": "item/magic/soul_bolt/soul_bolt_enchant_04"
        },
        {
            "predicate": {
                "custom_model_data": 8007,
                "pulling": 1,
                "pull": 0.4
            },
            "model": "item/magic/soul_bolt/soul_bolt_enchant_05"
        },
        {
            "predicate": {
                "custom_model_data": 8007,
                "pulling": 1,
                "pull": 0.48
            },
            "model": "item/magic/soul_bolt/soul_bolt_enchant_06"
        },
        {
            "predicate": {
                "custom_model_data": 8007,
                "pulling": 1,
                "pull": 0.56
            },
            "model": "item/magic/soul_bolt/soul_bolt_enchant_07"
        },
        {
            "predicate": {
                "custom_model_data": 8007,
                "pulling": 1,
                "pull": 0.64
            },
            "model": "item/magic/soul_bolt/soul_bolt_enchant_08"
        },
        {
            "predicate": {
                "custom_model_data": 8007,
                "pulling": 1,
                "pull": 0.72
            },
            "model": "item/magic/soul_bolt/soul_bolt_enchant_09"
        },
        {
            "predicate": {
                "custom_model_data": 8007,
                "pulling": 1,
                "pull": 0.8
            },
            "model": "item/magic/soul_bolt/soul_bolt_enchant_10"
        },
        {
            "predicate": {
                "custom_model_data": 8007,
                "pulling": 1,
                "pull": 0.96
            },
            "model": "item/magic/soul_bolt/soul_bolt_enchant_11"
        },
        {
            "predicate": {
                "custom_model_data": 8007,
                "pulling": 1,
                "pull": 1.0
            },
            "model": "item/magic/soul_bolt/soul_bolt_enchant_12"
        },
        {
            "predicate": {
                "custom_model_data": 8007,
                "charged": 1
            },
            "model": "item/magic/soul_bolt/soul_bolt_enchanted"
        },
        {
            "predicate": {
                "custom_model_data": 10419
            },
            "model": "item/ranged/snowball_cannon/snowball_cannon"
        },
        {
            "predicate": {
                "custom_model_data": 10419,
                "pulling": 1
            },
            "model": "item/ranged/snowball_cannon/snowball_cannon"
        },
        {
            "predicate": {
                "custom_model_data": 10419,
                "charged": 1
            },
            "model": "item/ranged/snowball_cannon/snowball_cannon"
        }
    ]
}
