{
  "parent": "minecraft:item/handheld",
  "textures": {
    "layer0": "minecraft:item/diamond_sword"
  },
  "display": {
        "thirdperson_righthand": {
            "translation": [ 0, 1, -2.5 ],
            "scale": [4, 4, 4]
        },
        "firstperson_righthand": {
            "scale": [4, 4, 4]
        },
        "thirdperson_lefthand": {
            "translation": [ 0, 1, -2.5 ],
            "scale": [4, 4, 4]
        },
        "firstperson_lefthand": {
            "scale": [4, 4, 4]
        },
        "head": {
            "translation": [ 0, 13, 7],
            "scale":[4, 4, 4]
        },
        "gui": {
            "scale": [4, 4, 4]
        },
        "ground": {
            "translation": [ 0, 1, 0 ],
            "scale": [1, 1, 1]
        }
    }
}