{
	"credit": "Made with Blockbench",
	"texture_size": [16, 24],
	"textures": {
		"0": "custom/laser",
		"particle": "custom/laser"
	},
	"elements": [
		{
			"from": [8, 0, 7],
			"to": [9, 24, 8],
			"rotation": {"angle": 0, "axis": "y", "origin": [16, 8, 15]},
			"faces": {
				"north": {"uv": [0, 0, 1, 16], "texture": "#0"},
				"east": {"uv": [0, 0, 1, 16], "texture": "#0"},
				"south": {"uv": [0, 0, 1, 16], "texture": "#0"},
				"west": {"uv": [0, 0, 1, 16], "texture": "#0"},
				"up": {"uv": [0, 0, 1, 1], "texture": "#0"},
				"down": {"uv": [0, 0, 1, 1], "texture": "#0"}
			}
		}
	],
	"display": {
		"thirdperson_righthand": {
			"translation": [-6.5, -12, 12]
		}
	}
}