{
    "parent": "builtin/entity",
    "display": {
        "thirdperson_righthand": {
            "rotation": [0, 0, 0],
            "translation": [ 0, 1, -2.5 ],
            "scale": [4, 4, 4]
        },
        "firstperson_righthand": {
            "rotation": [0, 0, 0],
            "scale": [4, 4, 4]
        },
        "thirdperson_lefthand": {
            "rotation": [0, 0, 0],
            "translation": [ 0, 1, -2.5 ],
            "scale": [4, 4, 4]
        },
        "firstperson_lefthand": {
            "rotation": [0, 0, 0],
            "scale": [4, 4, 4]
        },
        "head": {
            "rotation": [0, 0, 0],
            "translation": [ 0, 13, 7],
            "scale":[4, 4, 4]
        },
        "gui": {
            "rotation": [0, 0, 0],
            "scale": [4, 4, 4]
        },
		"ground": {
            "rotation": [0, 0, 0],
            "translation": [ 0, 1, 0 ],
            "scale": [1, 1, 1]
        }
    }
}
