{
	"credit": "Made with Blockbench",
	"textures": {
		"1": "custom/illumina/illumina_face",
		"2": "custom/illumina/illumina_black",
		"3": "custom/illumina/illumina_hand",
		"4": "custom/illumina/illumina_arm",
		"5": "custom/illumina/illumina_leg",
		"6": "custom/illumina/illumina_feet",
		"7": "custom/illumina/illumina_body_front",
		"8": "custom/illumina/illumina_body_back",
		"9": "custom/illumina/illumina_body_left",
		"10": "custom/illumina/illumina_body_right",
		"particle": "custom/illumina/illumina_black"
	},
	"elements": [
		{
			"from": [0, -4, 0],
			"to": [4, 8, 4],
			"rotation": {"angle": -45, "axis": "x", "origin": [2, 8, 2]},
			"faces": {
				"north": {"uv": [0, 0, 4, 12], "texture": "#5"},
				"east": {"uv": [0, 0, 4, 12], "texture": "#5"},
				"south": {"uv": [0, 0, 4, 12], "texture": "#5"},
				"west": {"uv": [0, 0, 4, 12], "texture": "#5"},
				"up": {"uv": [0, 0, 4, 4], "texture": "#2"},
				"down": {"uv": [0, 0, 4, 4], "texture": "#6"}
			}
		},
		{
			"from": [4, -4, 0],
			"to": [8, 8, 4],
			"rotation": {"angle": 45, "axis": "x", "origin": [6, 7, 2]},
			"faces": {
				"north": {"uv": [0, 0, 4, 12], "texture": "#5"},
				"east": {"uv": [0, 0, 4, 12], "texture": "#5"},
				"south": {"uv": [0, 0, 4, 12], "texture": "#5"},
				"west": {"uv": [0, 0, 4, 12], "texture": "#5"},
				"up": {"uv": [0, 0, 4, 4], "texture": "#2"},
				"down": {"uv": [0, 0, 4, 4], "texture": "#6"}
			}
		},
		{
			"from": [0, 8, 0],
			"to": [8, 20, 4],
			"rotation": {"angle": 0, "axis": "y", "origin": [8, 16, 8]},
			"faces": {
				"north": {"uv": [0, 0, 8, 12], "texture": "#7"},
				"east": {"uv": [0, 0, 4, 12], "texture": "#10"},
				"south": {"uv": [0, 0, 8, 12], "texture": "#8"},
				"west": {"uv": [0, 0, 4, 12], "texture": "#9"},
				"up": {"uv": [0, 0, 8, 4], "texture": "#2"},
				"down": {"uv": [0, 0, 8, 4], "texture": "#2"}
			}
		},
		{
			"from": [-5, 19, 0],
			"to": [-1, 31, 4],
			"rotation": {"angle": 22.5, "axis": "z", "origin": [6, 23, -4]},
			"faces": {
				"north": {"uv": [0, 0, 4, 12], "rotation": 180, "texture": "#4"},
				"east": {"uv": [0, 0, 4, 12], "rotation": 180, "texture": "#4"},
				"south": {"uv": [0, 0, 4, 12], "rotation": 180, "texture": "#4"},
				"west": {"uv": [0, 0, 4, 12], "rotation": 180, "texture": "#4"},
				"up": {"uv": [0, 0, 4, 4], "texture": "#3"},
				"down": {"uv": [0, 0, 4, 4], "texture": "#2"}
			}
		},
		{
			"from": [9, 19, 0],
			"to": [13, 31, 4],
			"rotation": {"angle": -22.5, "axis": "z", "origin": [2, 23, 8]},
			"faces": {
				"north": {"uv": [0, 0, 4, 12], "rotation": 180, "texture": "#4"},
				"east": {"uv": [0, 0, 4, 12], "rotation": 180, "texture": "#4"},
				"south": {"uv": [0, 0, 4, 12], "rotation": 180, "texture": "#4"},
				"west": {"uv": [0, 0, 4, 12], "rotation": 180, "texture": "#4"},
				"up": {"uv": [0, 0, 4, 4], "rotation": 180, "texture": "#3"},
				"down": {"uv": [0, 0, 4, 4], "rotation": 180, "texture": "#2"}
			}
		},
		{
			"from": [0, 20, -2],
			"to": [8, 28, 6],
			"rotation": {"angle": 0, "axis": "y", "origin": [8, 28, 8]},
			"faces": {
				"north": {"uv": [0, 0, 8, 8], "texture": "#1"},
				"east": {"uv": [0, 0, 8, 8], "texture": "#2"},
				"south": {"uv": [0, 0, 8, 8], "texture": "#2"},
				"west": {"uv": [0, 0, 8, 8], "texture": "#2"},
				"up": {"uv": [0, 0, 8, 8], "texture": "#2"},
				"down": {"uv": [0, 0, 8, 8], "texture": "#2"}
			}
		}
	],
	"display": {
		"thirdperson_lefthand": {
			"rotation": [90, 0, 0],
			"translation": [-10, -8, -42]
		}
	}
}