{
	"credit": "Made with Blockbench",
	"textures": {
		"0": "custom/queen_bee/queen_bee_larva_membrane",
		"1": "custom/queen_bee/queen_bee_larva_transparent",
		"2": "custom/queen_bee/queen_bee_larva_base",
		"3": "custom/queen_bee/queen_bee_larva_worm",
		"particle": "custom/queen_bee/queen_bee_larva_membrane"
	},
	"elements": [
		{
			"from": [5, 20, 2],
			"to": [7, 21, 4],
			"rotation": {"angle": 22.5, "axis": "y", "origin": [6, 21, 3]},
			"faces": {
				"north": {"uv": [0, 0, 2, 1], "texture": "#3"},
				"east": {"uv": [0, 0, 2, 1], "texture": "#3"},
				"south": {"uv": [0, 0, 2, 1], "texture": "#missing"},
				"west": {"uv": [0, 4, 2, 5], "texture": "#3"},
				"up": {"uv": [0, 3, 2, 5], "texture": "#3"},
				"down": {"uv": [0, 5, 2, 3], "texture": "#3"}
			}
		},
		{
			"from": [2, 20, 3],
			"to": [3, 21, 5],
			"rotation": {"angle": -22.5, "axis": "y", "origin": [10, 28, 12]},
			"faces": {
				"north": {"uv": [0, 0, 1, 1], "texture": "#3"},
				"east": {"uv": [0, 0, 2, 1], "texture": "#missing"},
				"south": {"uv": [0, 0, 1, 1], "texture": "#missing"},
				"west": {"uv": [0, 0, 2, 1], "texture": "#3"},
				"up": {"uv": [3, 1, 4, 3], "texture": "#3"},
				"down": {"uv": [3, 2, 4, 4], "texture": "#3"}
			}
		},
		{
			"from": [9, 20, 2],
			"to": [11, 21, 4],
			"rotation": {"angle": -22.5, "axis": "y", "origin": [10, 21, 3]},
			"faces": {
				"north": {"uv": [2, 0, 4, 1], "texture": "#3"},
				"east": {"uv": [4, 4, 6, 5], "texture": "#3"},
				"south": {"uv": [2, 0, 4, 1], "texture": "#missing"},
				"west": {"uv": [2, 0, 4, 1], "texture": "#3"},
				"up": {"uv": [4, 3, 6, 5], "texture": "#3"},
				"down": {"uv": [4, 5, 6, 3], "texture": "#3"}
			}
		},
		{
			"from": [13, 20, 3],
			"to": [14, 21, 5],
			"rotation": {"angle": 22.5, "axis": "y", "origin": [6, 28, 12]},
			"faces": {
				"north": {"uv": [1, 0, 2, 1], "texture": "#3"},
				"east": {"uv": [2, 0, 4, 1], "texture": "#3"},
				"south": {"uv": [1, 0, 2, 1], "texture": "#missing"},
				"west": {"uv": [2, 0, 4, 1], "texture": "#3"},
				"up": {"uv": [2, 1, 3, 3], "texture": "#3"},
				"down": {"uv": [2, 2, 3, 4], "texture": "#3"}
			}
		},
		{
			"from": [5, 20, 3],
			"to": [11, 25, 8],
			"rotation": {"angle": 0, "axis": "y", "origin": [13, 28, 11]},
			"faces": {
				"north": {"uv": [0, 0, 6, 5], "texture": "#3"},
				"east": {"uv": [5, 10, 0, 15], "texture": "#3"},
				"south": {"uv": [0, 5, 6, 10], "texture": "#3"},
				"west": {"uv": [0, 10, 5, 15], "texture": "#3"},
				"up": {"uv": [0, 5, 6, 10], "texture": "#3"},
				"down": {"uv": [0, 9, 6, 4], "texture": "#3"}
			}
		},
		{
			"from": [5, 14, 2],
			"to": [11, 23, 7],
			"rotation": {"angle": -22.5, "axis": "x", "origin": [13, 30, 10]},
			"faces": {
				"north": {"uv": [6, 0, 12, 9], "texture": "#3"},
				"east": {"uv": [6, 0, 11, 9], "texture": "#3"},
				"south": {"uv": [6, 0, 12, 9], "texture": "#3"},
				"west": {"uv": [6, 0, 11, 9], "texture": "#3"},
				"up": {"uv": [10, 1, 16, 6], "texture": "#3"},
				"down": {"uv": [6, 2, 12, 7], "texture": "#3"}
			}
		},
		{
			"from": [6, 17, 1],
			"to": [8, 19, 4],
			"rotation": {"angle": 22.5, "axis": "y", "origin": [15, 26, 11]},
			"faces": {
				"north": {"uv": [8, 10, 10, 12], "texture": "#3"},
				"east": {"uv": [5, 10, 8, 12], "texture": "#3"},
				"south": {"uv": [8, 10, 10, 12], "texture": "#3"},
				"west": {"uv": [5, 10, 8, 12], "texture": "#3"},
				"up": {"uv": [7, 7, 9, 10], "texture": "#3"},
				"down": {"uv": [7, 7, 9, 10], "texture": "#3"}
			}
		},
		{
			"from": [7, 15, 3],
			"to": [9, 17, 6],
			"rotation": {"angle": 22.5, "axis": "y", "origin": [16, 24, 13]},
			"faces": {
				"north": {"uv": [8, 10, 10, 12], "texture": "#3"},
				"east": {"uv": [5, 10, 8, 12], "texture": "#3"},
				"south": {"uv": [8, 10, 10, 12], "texture": "#3"},
				"west": {"uv": [5, 10, 8, 12], "texture": "#3"},
				"up": {"uv": [6, 7, 8, 10], "texture": "#3"},
				"down": {"uv": [11, 7, 13, 10], "texture": "#3"}
			}
		},
		{
			"from": [6, 13, 4],
			"to": [8, 15, 7],
			"rotation": {"angle": 22.5, "axis": "y", "origin": [15, 22, 14]},
			"faces": {
				"north": {"uv": [8, 10, 10, 12], "texture": "#3"},
				"east": {"uv": [5, 10, 8, 12], "texture": "#3"},
				"south": {"uv": [8, 10, 10, 12], "texture": "#3"},
				"west": {"uv": [5, 10, 8, 12], "texture": "#3"},
				"up": {"uv": [9, 7, 11, 10], "texture": "#3"},
				"down": {"uv": [7, 7, 9, 10], "texture": "#3"}
			}
		},
		{
			"from": [8, 17, 1],
			"to": [10, 19, 4],
			"rotation": {"angle": -22.5, "axis": "y", "origin": [1, 26, 11]},
			"faces": {
				"north": {"uv": [8, 10, 10, 12], "texture": "#3"},
				"east": {"uv": [5, 10, 8, 12], "texture": "#3"},
				"south": {"uv": [8, 10, 10, 12], "texture": "#3"},
				"west": {"uv": [5, 10, 8, 12], "texture": "#3"},
				"up": {"uv": [11, 7, 13, 10], "texture": "#3"},
				"down": {"uv": [13, 7, 15, 10], "texture": "#3"}
			}
		},
		{
			"from": [7, 15, 3],
			"to": [9, 17, 6],
			"rotation": {"angle": -22.5, "axis": "y", "origin": [0, 24, 13]},
			"faces": {
				"north": {"uv": [8, 10, 10, 12], "texture": "#3"},
				"east": {"uv": [5, 10, 8, 12], "texture": "#3"},
				"south": {"uv": [8, 10, 10, 12], "texture": "#3"},
				"west": {"uv": [5, 10, 8, 12], "texture": "#3"},
				"up": {"uv": [12, 7, 14, 10], "texture": "#3"},
				"down": {"uv": [8, 7, 10, 10], "texture": "#3"}
			}
		},
		{
			"from": [8, 13, 4],
			"to": [10, 15, 7],
			"rotation": {"angle": -22.5, "axis": "y", "origin": [1, 22, 14]},
			"faces": {
				"north": {"uv": [8, 10, 10, 12], "texture": "#3"},
				"east": {"uv": [5, 10, 8, 12], "texture": "#3"},
				"south": {"uv": [8, 10, 10, 12], "texture": "#3"},
				"west": {"uv": [5, 10, 8, 12], "texture": "#3"},
				"up": {"uv": [6, 7, 8, 10], "texture": "#3"},
				"down": {"uv": [8, 7, 10, 10], "texture": "#3"}
			}
		},
		{
			"from": [4, 10, 8],
			"to": [12, 14, 15],
			"rotation": {"angle": 0, "axis": "y", "origin": [13, 19, 16]},
			"faces": {
				"north": {"uv": [7, 1, 15, 5], "texture": "#3"},
				"east": {"uv": [7, 0, 14, 4], "texture": "#3"},
				"south": {"uv": [8, 0, 16, 4], "texture": "#3"},
				"west": {"uv": [6, 3, 13, 7], "texture": "#3"},
				"up": {"uv": [7, 0, 15, 7], "texture": "#3"},
				"down": {"uv": [8, 2, 16, 9], "texture": "#3"}
			}
		},
		{
			"from": [3, 0, 10],
			"to": [13, 8, 18],
			"rotation": {"angle": 22.5, "axis": "x", "origin": [11, 15, 21]},
			"faces": {
				"north": {"uv": [6, 0, 16, 8], "texture": "#3"},
				"east": {"uv": [8, 0, 16, 8], "texture": "#3"},
				"south": {"uv": [6, 0, 16, 8], "texture": "#3"},
				"west": {"uv": [6, 0, 14, 8], "texture": "#3"},
				"up": {"uv": [6, 0, 16, 8], "texture": "#3"},
				"down": {"uv": [6, 0, 16, 8], "texture": "#3"}
			}
		},
		{
			"from": [4, -5, 4],
			"to": [12, 2, 11],
			"rotation": {"angle": 45, "axis": "x", "origin": [13, 1, 12]},
			"faces": {
				"north": {"uv": [8, 2, 16, 9], "texture": "#3"},
				"east": {"uv": [6, 2, 13, 9], "texture": "#3"},
				"south": {"uv": [8, 2, 16, 9], "texture": "#3"},
				"west": {"uv": [9, 2, 16, 9], "texture": "#3"},
				"up": {"uv": [8, 2, 16, 9], "texture": "#3"},
				"down": {"uv": [6, 2, 14, 9], "texture": "#3"}
			}
		},
		{
			"from": [0, 1, 0],
			"to": [16, 14, 16],
			"rotation": {"angle": 0, "axis": "y", "origin": [10, 8, 8]},
			"faces": {
				"north": {"uv": [16, 3, 0, 16], "texture": "#0"},
				"east": {"uv": [0, 3, 16, 16], "texture": "#0"},
				"south": {"uv": [16, 13, 0, 0], "texture": "#0"},
				"west": {"uv": [0, 3, 16, 16], "texture": "#0"},
				"up": {"uv": [0, 0, 16, 16], "texture": "#1"},
				"down": {"uv": [0, 0, 16, 16], "texture": "#0"}
			}
		},
		{
			"from": [0, 14, 0],
			"to": [16, 27, 16],
			"rotation": {"angle": 0, "axis": "y", "origin": [10, 22, 8]},
			"faces": {
				"north": {"uv": [0, 0, 16, 13], "texture": "#0"},
				"east": {"uv": [16, 16, 0, 3], "texture": "#0"},
				"south": {"uv": [0, 0, 16, 13], "texture": "#0"},
				"west": {"uv": [16, 0, 0, 13], "texture": "#0"},
				"up": {"uv": [0, 0, 16, 16], "texture": "#0"},
				"down": {"uv": [0, 0, 16, 16], "texture": "#1"}
			}
		},
		{
			"from": [1, -3, 1],
			"to": [15, 1, 15],
			"rotation": {"angle": 0, "axis": "y", "origin": [10, 3, 8]},
			"faces": {
				"north": {"uv": [0, 0, 14, 4], "texture": "#2"},
				"east": {"uv": [14, 4, 0, 0], "texture": "#2"},
				"south": {"uv": [14, 0, 0, 4], "texture": "#2"},
				"west": {"uv": [0, 4, 14, 0], "texture": "#2"},
				"up": {"uv": [0, 0, 14, 14], "texture": "#1"},
				"down": {"uv": [0, 0, 16, 16], "texture": "#0"}
			}
		},
		{
			"from": [2, 22, 11],
			"to": [4, 24, 13],
			"rotation": {"angle": 0, "axis": "y", "origin": [11, 30, 19]},
			"faces": {
				"north": {"uv": [14, 0, 16, 2], "texture": "#2"},
				"east": {"uv": [14, 0, 16, 2], "texture": "#2"},
				"south": {"uv": [14, 0, 16, 2], "texture": "#2"},
				"west": {"uv": [14, 0, 16, 2], "texture": "#2"},
				"up": {"uv": [14, 0, 16, 2], "texture": "#2"},
				"down": {"uv": [14, 0, 16, 2], "texture": "#2"}
			}
		},
		{
			"from": [13, 7, 2],
			"to": [15, 9, 4],
			"rotation": {"angle": 0, "axis": "y", "origin": [22, 15, 10]},
			"faces": {
				"north": {"uv": [14, 0, 16, 2], "texture": "#2"},
				"east": {"uv": [14, 0, 16, 2], "texture": "#2"},
				"south": {"uv": [14, 0, 16, 2], "texture": "#2"},
				"west": {"uv": [14, 0, 16, 2], "texture": "#2"},
				"up": {"uv": [14, 0, 16, 2], "texture": "#2"},
				"down": {"uv": [14, 0, 16, 2], "texture": "#2"}
			}
		},
		{
			"from": [1, 20, 9],
			"to": [2, 21, 10],
			"rotation": {"angle": 0, "axis": "y", "origin": [9, 28, 17]},
			"faces": {
				"north": {"uv": [14, 0, 15, 1], "texture": "#2"},
				"east": {"uv": [15, 0, 16, 1], "texture": "#2"},
				"south": {"uv": [15, 0, 16, 1], "texture": "#2"},
				"west": {"uv": [15, 0, 16, 1], "texture": "#2"},
				"up": {"uv": [14, 0, 15, 1], "texture": "#2"},
				"down": {"uv": [15, 1, 16, 2], "texture": "#2"}
			}
		},
		{
			"from": [11, -3, -1],
			"to": [13, -1, 1],
			"rotation": {"angle": 0, "axis": "y", "origin": [20, 5, 8]},
			"faces": {
				"north": {"uv": [14, 0, 16, 2], "texture": "#2"},
				"east": {"uv": [16, 0, 14, 2], "texture": "#2"},
				"south": {"uv": [14, 0, 16, 2], "texture": "#2"},
				"west": {"uv": [14, 0, 16, 2], "texture": "#2"},
				"up": {"uv": [14, 0, 16, 2], "texture": "#2"},
				"down": {"uv": [14, 0, 16, 2], "texture": "#2"}
			}
		},
		{
			"from": [-1, -3, 11],
			"to": [1, -1, 13],
			"rotation": {"angle": 0, "axis": "y", "origin": [8, 5, 20]},
			"faces": {
				"north": {"uv": [16, 0, 14, 2], "texture": "#2"},
				"east": {"uv": [16, 0, 14, 2], "texture": "#2"},
				"south": {"uv": [14, 0, 16, 2], "texture": "#2"},
				"west": {"uv": [14, 0, 16, 2], "texture": "#2"},
				"up": {"uv": [14, 0, 16, 2], "texture": "#2"},
				"down": {"uv": [14, 0, 16, 2], "texture": "#2"}
			}
		},
		{
			"from": [13, -3, 15],
			"to": [15, 0, 17],
			"rotation": {"angle": 0, "axis": "y", "origin": [22, 5, 24]},
			"faces": {
				"north": {"uv": [16, 0, 14, 2], "texture": "#2"},
				"east": {"uv": [16, 0, 14, 2], "texture": "#2"},
				"south": {"uv": [14, 0, 16, 2], "texture": "#2"},
				"west": {"uv": [14, 0, 16, 2], "texture": "#2"},
				"up": {"uv": [14, 0, 16, 2], "texture": "#2"},
				"down": {"uv": [14, 0, 16, 2], "texture": "#2"}
			}
		},
		{
			"from": [11, -3, 15],
			"to": [13, -1, 17],
			"rotation": {"angle": 0, "axis": "y", "origin": [20, 5, 24]},
			"faces": {
				"north": {"uv": [16, 0, 14, 2], "texture": "#2"},
				"east": {"uv": [16, 0, 14, 2], "texture": "#2"},
				"south": {"uv": [14, 0, 16, 2], "texture": "#2"},
				"west": {"uv": [14, 0, 16, 2], "texture": "#2"},
				"up": {"uv": [14, 0, 16, 2], "texture": "#2"},
				"down": {"uv": [14, 0, 16, 2], "texture": "#2"}
			}
		},
		{
			"from": [15, -3, 13],
			"to": [17, -1, 16],
			"rotation": {"angle": 0, "axis": "y", "origin": [24, 5, 23]},
			"faces": {
				"north": {"uv": [16, 0, 14, 2], "texture": "#2"},
				"east": {"uv": [16, 0, 14, 2], "texture": "#2"},
				"south": {"uv": [14, 0, 16, 2], "texture": "#2"},
				"west": {"uv": [14, 0, 16, 2], "texture": "#2"},
				"up": {"uv": [14, 0, 16, 2], "texture": "#2"},
				"down": {"uv": [14, 0, 16, 2], "texture": "#2"}
			}
		},
		{
			"from": [15, -3, 11],
			"to": [17, -2, 13],
			"rotation": {"angle": 0, "axis": "y", "origin": [24, 5, 20]},
			"faces": {
				"north": {"uv": [16, 0, 14, 2], "texture": "#2"},
				"east": {"uv": [16, 0, 14, 2], "texture": "#2"},
				"south": {"uv": [14, 0, 16, 2], "texture": "#2"},
				"west": {"uv": [14, 0, 16, 2], "texture": "#2"},
				"up": {"uv": [14, 0, 16, 2], "texture": "#2"},
				"down": {"uv": [14, 0, 16, 2], "texture": "#2"}
			}
		},
		{
			"from": [15, -2, 11],
			"to": [16, -1, 12],
			"rotation": {"angle": 0, "axis": "y", "origin": [22, 6, 20]},
			"faces": {
				"north": {"uv": [16, 0, 14, 2], "texture": "#2"},
				"east": {"uv": [16, 0, 14, 2], "texture": "#2"},
				"south": {"uv": [14, 0, 16, 2], "texture": "#2"},
				"west": {"uv": [14, 0, 16, 2], "texture": "#2"},
				"up": {"uv": [14, 0, 16, 2], "texture": "#2"},
				"down": {"uv": [14, 0, 16, 2], "texture": "#2"}
			}
		},
		{
			"from": [0, -3, 9],
			"to": [1, -2, 11],
			"rotation": {"angle": 0, "axis": "y", "origin": [8, 5, 18]},
			"faces": {
				"north": {"uv": [16, 0, 14, 2], "texture": "#2"},
				"east": {"uv": [16, 0, 14, 2], "texture": "#2"},
				"south": {"uv": [14, 0, 16, 2], "texture": "#2"},
				"west": {"uv": [14, 0, 16, 2], "texture": "#2"},
				"up": {"uv": [14, 0, 16, 2], "texture": "#2"},
				"down": {"uv": [14, 0, 16, 2], "texture": "#2"}
			}
		},
		{
			"from": [8, -3, -1],
			"to": [9, -2, 1],
			"rotation": {"angle": 0, "axis": "y", "origin": [16, 5, 8]},
			"faces": {
				"north": {"uv": [14, 0, 16, 2], "texture": "#2"},
				"east": {"uv": [14, 0, 16, 2], "texture": "#2"},
				"south": {"uv": [14, 0, 16, 2], "texture": "#2"},
				"west": {"uv": [14, 0, 16, 2], "texture": "#2"},
				"up": {"uv": [14, 0, 16, 2], "texture": "#2"},
				"down": {"uv": [14, 0, 16, 2], "texture": "#2"}
			}
		},
		{
			"from": [9, -3, -2],
			"to": [11, 0, 1],
			"rotation": {"angle": 0, "axis": "y", "origin": [18, 5, 8]},
			"faces": {
				"north": {"uv": [14, 0, 16, 2], "texture": "#2"},
				"east": {"uv": [16, 0, 14, 2], "texture": "#2"},
				"south": {"uv": [14, 0, 16, 2], "texture": "#2"},
				"west": {"uv": [14, 0, 16, 2], "texture": "#2"},
				"up": {"uv": [14, 0, 16, 2], "texture": "#2"},
				"down": {"uv": [14, 0, 16, 2], "texture": "#2"}
			}
		}
	],
	"display": {
		"thirdperson_righthand": {
			"rotation": [63, 0, 0],
			"translation": [0, -9.25, 34],
			"scale": [0.5, 0.5, 0.5]
		}
	},
	"groups": [
		{
			"name": "group",
			"origin": [12, 27, 2],
			"children": [0, 1, 2, 3, 4]
		},
		{
			"name": "group",
			"origin": [5, 17, 16],
			"children": [5, 6, 7, 8, 9, 10, 11]
		},
		{
			"name": "group",
			"origin": [14, 0, 15],
			"children": [12, 13, 14]
		}, 15, 16, 17, 18, 19, 20, 21, 22, 23, 24, 25, 26, 27, 28, 29, 30]
}