{
	"credit": "Made with Blockbench",
	"textures": {
		"0": "custom/stardust_dragon/armor",
		"1": "custom/stardust_dragon/skin",
		"particle": "custom/stardust_dragon/armor"
	},
	"elements": [
		{
			"from": [0, 5, -1],
			"to": [5, 9, 8],
			"rotation": {"angle": 0, "axis": "y", "origin": [8, 13, 7]},
			"faces": {
				"north": {"uv": [11, 0, 16, 4], "texture": "#1"},
				"east": {"uv": [16, 9, 7, 13], "texture": "#1"},
				"south": {"uv": [11, 0, 16, 4], "texture": "#1"},
				"west": {"uv": [7, 9, 16, 13], "texture": "#1"},
				"up": {"uv": [11, 0, 16, 9], "texture": "#1"},
				"down": {"uv": [11, 9, 16, 0], "texture": "#1"}
			}
		},
		{
			"from": [1, 9, -1],
			"to": [4, 10, 8],
			"rotation": {"angle": 0, "axis": "y", "origin": [9, 17, 8]},
			"faces": {
				"north": {"uv": [0, 0, 3, 1], "texture": "#0"},
				"east": {"uv": [0, 0, 9, 1], "texture": "#0"},
				"south": {"uv": [0, 0, 3, 1], "texture": "#0"},
				"west": {"uv": [0, 0, 9, 1], "texture": "#0"},
				"up": {"uv": [13, 0, 16, 9], "texture": "#0"},
				"down": {"uv": [0, 0, 3, 9], "texture": "#0"}
			}
		},
		{
			"from": [2, 2, 2],
			"to": [3, 7, 3],
			"rotation": {"angle": 45, "axis": "x", "origin": [10, 10, 10]},
			"faces": {
				"north": {"uv": [2, 1, 3, 6], "texture": "#0"},
				"east": {"uv": [2, 1, 3, 6], "texture": "#0"},
				"south": {"uv": [2, 1, 3, 6], "texture": "#0"},
				"west": {"uv": [2, 1, 3, 6], "texture": "#0"},
				"up": {"uv": [10, 4, 11, 5], "texture": "#0"},
				"down": {"uv": [2, 5, 3, 6], "texture": "#0"}
			}
		},
		{
			"from": [0, 9, 1],
			"to": [5, 11, 2],
			"rotation": {"angle": 0, "axis": "y", "origin": [8, 18, 9]},
			"faces": {
				"north": {"uv": [0, 5, 5, 7], "texture": "#0"},
				"east": {"uv": [0, 2, 1, 4], "texture": "#0"},
				"south": {"uv": [0, 5, 5, 7], "texture": "#0"},
				"west": {"uv": [0, 2, 1, 4], "texture": "#0"},
				"up": {"uv": [0, 7, 5, 8], "texture": "#0"},
				"down": {"uv": [0, 0, 5, 1], "texture": "#0"}
			}
		},
		{
			"from": [0, 9, 7],
			"to": [5, 11, 8],
			"rotation": {"angle": 0, "axis": "y", "origin": [8, 17, 15]},
			"faces": {
				"north": {"uv": [0, 5, 5, 7], "texture": "#0"},
				"east": {"uv": [0, 2, 1, 4], "texture": "#0"},
				"south": {"uv": [0, 5, 5, 7], "texture": "#0"},
				"west": {"uv": [0, 2, 1, 4], "texture": "#0"},
				"up": {"uv": [0, 7, 5, 8], "texture": "#0"},
				"down": {"uv": [0, 0, 5, 1], "texture": "#0"}
			}
		},
		{
			"from": [-1, 5, 1],
			"to": [0, 10, 2],
			"rotation": {"angle": 0, "axis": "y", "origin": [7, 14, 9]},
			"faces": {
				"north": {"uv": [2, 6, 3, 1], "texture": "#0"},
				"east": {"uv": [0, 0, 1, 5], "texture": "#0"},
				"south": {"uv": [2, 6, 3, 1], "texture": "#0"},
				"west": {"uv": [2, 6, 3, 1], "texture": "#0"},
				"up": {"uv": [2, 5, 3, 6], "texture": "#0"},
				"down": {"uv": [0, 0, 1, 1], "texture": "#0"}
			}
		},
		{
			"from": [-1, 7, 7],
			"to": [0, 10, 8],
			"rotation": {"angle": 0, "axis": "y", "origin": [7, 14, 15]},
			"faces": {
				"north": {"uv": [2, 5, 3, 2], "texture": "#0"},
				"east": {"uv": [0, 0, 1, 3], "texture": "#0"},
				"south": {"uv": [2, 5, 3, 2], "texture": "#0"},
				"west": {"uv": [2, 5, 3, 2], "texture": "#0"},
				"up": {"uv": [2, 5, 3, 6], "texture": "#0"},
				"down": {"uv": [0, 0, 1, 1], "texture": "#0"}
			}
		},
		{
			"from": [5, 7, 7],
			"to": [6, 10, 8],
			"rotation": {"angle": 0, "axis": "y", "origin": [13, 14, 15]},
			"faces": {
				"north": {"uv": [2, 5, 3, 2], "texture": "#0"},
				"east": {"uv": [2, 5, 3, 2], "texture": "#0"},
				"south": {"uv": [2, 5, 3, 2], "texture": "#0"},
				"west": {"uv": [0, 0, 1, 3], "texture": "#0"},
				"up": {"uv": [2, 5, 3, 6], "texture": "#0"},
				"down": {"uv": [0, 0, 1, 1], "texture": "#0"}
			}
		},
		{
			"from": [5, 5, 1],
			"to": [6, 10, 2],
			"rotation": {"angle": 0, "axis": "y", "origin": [13, 14, 9]},
			"faces": {
				"north": {"uv": [2, 6, 3, 1], "texture": "#0"},
				"east": {"uv": [2, 6, 3, 1], "texture": "#0"},
				"south": {"uv": [2, 6, 3, 1], "texture": "#0"},
				"west": {"uv": [0, 0, 1, 5], "texture": "#0"},
				"up": {"uv": [2, 5, 3, 6], "texture": "#0"},
				"down": {"uv": [0, 0, 1, 1], "texture": "#0"}
			}
		},
		{
			"from": [0, 9, 4],
			"to": [5, 11, 5],
			"rotation": {"angle": 0, "axis": "y", "origin": [8, 17, 12]},
			"faces": {
				"north": {"uv": [0, 6, 5, 4], "texture": "#0"},
				"east": {"uv": [0, 2, 1, 4], "texture": "#0"},
				"south": {"uv": [0, 6, 5, 4], "texture": "#0"},
				"west": {"uv": [0, 2, 1, 4], "texture": "#0"},
				"up": {"uv": [0, 7, 5, 8], "texture": "#0"},
				"down": {"uv": [0, 0, 5, 1], "texture": "#0"}
			}
		}
	],
	"groups": [
		{
			"name": "group",
			"origin": [8, 17, 24],
			"children": [0, 1, 2, 3, 4, 5, 6, 7, 8, 9]
		}
	]
}