{
	"credit": "Made with Blockbench",
	"elements": [
		{
			"from": [0, 5, 8],
			"to": [5, 9, 12],
			"rotation": {"angle": 0, "axis": "y", "origin": [8, 13, 16]},
			"color": 3,
			"faces": {
				"north": {"uv": [0, 0, 5, 4], "texture": "#missing"},
				"east": {"uv": [0, 0, 4, 4], "texture": "#missing"},
				"south": {"uv": [0, 0, 5, 4], "texture": "#missing"},
				"west": {"uv": [0, 0, 4, 4], "texture": "#missing"},
				"up": {"uv": [0, 0, 5, 4], "texture": "#missing"},
				"down": {"uv": [0, 0, 5, 4], "texture": "#missing"}
			}
		},
		{
			"from": [1, 6, 12],
			"to": [4, 9, 17],
			"rotation": {"angle": 0, "axis": "y", "origin": [9, 16, 20]},
			"color": 1,
			"faces": {
				"north": {"uv": [0, 0, 3, 3], "texture": "#missing"},
				"east": {"uv": [0, 0, 5, 3], "texture": "#missing"},
				"south": {"uv": [0, 0, 3, 3], "texture": "#missing"},
				"west": {"uv": [0, 0, 5, 3], "texture": "#missing"},
				"up": {"uv": [0, 0, 3, 5], "texture": "#missing"},
				"down": {"uv": [0, 0, 3, 5], "texture": "#missing"}
			}
		},
		{
			"from": [2, 7, 17],
			"to": [3, 9, 20],
			"rotation": {"angle": 0, "axis": "y", "origin": [10, 16, 25]},
			"color": 7,
			"faces": {
				"north": {"uv": [0, 0, 1, 2], "texture": "#missing"},
				"east": {"uv": [0, 0, 3, 2], "texture": "#missing"},
				"south": {"uv": [0, 0, 1, 2], "texture": "#missing"},
				"west": {"uv": [0, 0, 3, 2], "texture": "#missing"},
				"up": {"uv": [0, 0, 1, 3], "texture": "#missing"},
				"down": {"uv": [0, 0, 1, 3], "texture": "#missing"}
			}
		},
		{
			"from": [2, 8, 20],
			"to": [3, 9, 24],
			"rotation": {"angle": 0, "axis": "y", "origin": [10, 16, 28]},
			"color": 4,
			"faces": {
				"north": {"uv": [0, 0, 1, 1], "texture": "#missing"},
				"east": {"uv": [0, 0, 4, 1], "texture": "#missing"},
				"south": {"uv": [0, 0, 1, 1], "texture": "#missing"},
				"west": {"uv": [0, 0, 4, 1], "texture": "#missing"},
				"up": {"uv": [0, 0, 1, 4], "texture": "#missing"},
				"down": {"uv": [0, 0, 1, 4], "texture": "#missing"}
			}
		},
		{
			"from": [1, 9, 8],
			"to": [4, 10, 14],
			"rotation": {"angle": 0, "axis": "y", "origin": [9, 17, 16]},
			"color": 4,
			"faces": {
				"north": {"uv": [0, 0, 3, 1], "texture": "#missing"},
				"east": {"uv": [0, 0, 6, 1], "texture": "#missing"},
				"south": {"uv": [0, 0, 3, 1], "texture": "#missing"},
				"west": {"uv": [0, 0, 6, 1], "texture": "#missing"},
				"up": {"uv": [0, 0, 3, 6], "texture": "#missing"},
				"down": {"uv": [0, 0, 3, 6], "texture": "#missing"}
			}
		},
		{
			"from": [2, 1, 24],
			"to": [3, 5, 26],
			"rotation": {"angle": 45, "axis": "x", "origin": [10, 9, 32]},
			"color": 0,
			"faces": {
				"north": {"uv": [0, 0, 1, 4], "texture": "#missing"},
				"east": {"uv": [0, 0, 2, 4], "texture": "#missing"},
				"south": {"uv": [0, 0, 1, 4], "texture": "#missing"},
				"west": {"uv": [0, 0, 2, 4], "texture": "#missing"},
				"up": {"uv": [0, 0, 1, 2], "texture": "#missing"},
				"down": {"uv": [0, 0, 1, 2], "texture": "#missing"}
			}
		},
		{
			"from": [2, 1, 27],
			"to": [3, 5, 29],
			"rotation": {"angle": 45, "axis": "x", "origin": [10, 9, 35]},
			"color": 0,
			"faces": {
				"north": {"uv": [0, 0, 1, 4], "texture": "#missing"},
				"east": {"uv": [0, 0, 2, 4], "texture": "#missing"},
				"south": {"uv": [0, 0, 1, 4], "texture": "#missing"},
				"west": {"uv": [0, 0, 2, 4], "texture": "#missing"},
				"up": {"uv": [0, 0, 1, 2], "texture": "#missing"},
				"down": {"uv": [0, 0, 1, 2], "texture": "#missing"}
			}
		},
		{
			"from": [2, 1, 18],
			"to": [3, 4, 19],
			"rotation": {"angle": 45, "axis": "x", "origin": [10, 9, 26]},
			"color": 0,
			"faces": {
				"north": {"uv": [0, 0, 1, 3], "texture": "#missing"},
				"east": {"uv": [0, 0, 1, 3], "texture": "#missing"},
				"south": {"uv": [0, 0, 1, 3], "texture": "#missing"},
				"west": {"uv": [0, 0, 1, 3], "texture": "#missing"},
				"up": {"uv": [0, 0, 1, 1], "texture": "#missing"},
				"down": {"uv": [0, 0, 1, 1], "texture": "#missing"}
			}
		},
		{
			"from": [2, 9, 19],
			"to": [3, 13, 21],
			"rotation": {"angle": -45, "axis": "x", "origin": [10, 16, 27]},
			"color": 0,
			"faces": {
				"north": {"uv": [0, 0, 1, 4], "texture": "#missing"},
				"east": {"uv": [0, 0, 2, 4], "texture": "#missing"},
				"south": {"uv": [0, 0, 1, 4], "texture": "#missing"},
				"west": {"uv": [0, 0, 2, 4], "texture": "#missing"},
				"up": {"uv": [0, 0, 1, 2], "texture": "#missing"},
				"down": {"uv": [0, 0, 1, 2], "texture": "#missing"}
			}
		},
		{
			"from": [2, 9, 16],
			"to": [3, 13, 18],
			"rotation": {"angle": -45, "axis": "x", "origin": [10, 16, 24]},
			"color": 0,
			"faces": {
				"north": {"uv": [0, 0, 1, 4], "texture": "#missing"},
				"east": {"uv": [0, 0, 2, 4], "texture": "#missing"},
				"south": {"uv": [0, 0, 1, 4], "texture": "#missing"},
				"west": {"uv": [0, 0, 2, 4], "texture": "#missing"},
				"up": {"uv": [0, 0, 1, 2], "texture": "#missing"},
				"down": {"uv": [0, 0, 1, 2], "texture": "#missing"}
			}
		},
		{
			"from": [2, 8, 10],
			"to": [3, 11, 11],
			"rotation": {"angle": -45, "axis": "x", "origin": [10, 14, 18]},
			"color": 0,
			"faces": {
				"north": {"uv": [0, 0, 1, 3], "texture": "#missing"},
				"east": {"uv": [0, 0, 1, 3], "texture": "#missing"},
				"south": {"uv": [0, 0, 1, 3], "texture": "#missing"},
				"west": {"uv": [0, 0, 1, 3], "texture": "#missing"},
				"up": {"uv": [0, 0, 1, 1], "texture": "#missing"},
				"down": {"uv": [0, 0, 1, 1], "texture": "#missing"}
			}
		},
		{
			"from": [0, 9, 10],
			"to": [5, 11, 11],
			"rotation": {"angle": 0, "axis": "y", "origin": [8, 18, 18]},
			"color": 1,
			"faces": {
				"north": {"uv": [0, 0, 5, 2], "texture": "#missing"},
				"east": {"uv": [0, 0, 1, 2], "texture": "#missing"},
				"south": {"uv": [0, 0, 5, 2], "texture": "#missing"},
				"west": {"uv": [0, 0, 1, 2], "texture": "#missing"},
				"up": {"uv": [0, 0, 5, 1], "texture": "#missing"},
				"down": {"uv": [0, 0, 5, 1], "texture": "#missing"}
			}
		}
	],
	"groups": [
		{
			"name": "group",
			"origin": [10, 14, 18],
			"children": [0, 1, 2, 3, 4, 5, 6, 7, 8, 9, 10, 11]
		}
	]
}