{
	"parent": "minecraft:item/handheld",
	"textures": {
		"layer0": "minecraft:custom/ranged/snowball_cannon/snowball_cannon"
	},
	"display": {
        "thirdperson_righthand": {
              "rotation": [ 0, -90, 55 ],
              "translation": [ 0, 2, -2 ],
              "scale": [ 1.1, 1.1, 1.5 ]
          },
          "thirdperson_lefthand": {
              "rotation": [ 0, 90, -55 ],
              "translation": [ 0, 2, -2 ],
              "scale": [ 1.1, 1.1, 1.5 ]
          }
    }
}