{
	"credit": "Made with Blockbench",
	"elements": [
		{
			"from": [1, 6, -9],
			"to": [4, 8, -2],
			"rotation": {"angle": 0, "axis": "y", "origin": [8, 14, -2]},
			"color": 3,
			"faces": {
				"north": {"uv": [0, 0, 3, 2], "texture": "#missing"},
				"east": {"uv": [0, 0, 7, 2], "texture": "#missing"},
				"south": {"uv": [0, 0, 3, 2], "texture": "#missing"},
				"west": {"uv": [0, 0, 7, 2], "texture": "#missing"},
				"up": {"uv": [0, 0, 3, 7], "texture": "#missing"},
				"down": {"uv": [0, 0, 3, 7], "texture": "#missing"}
			}
		},
		{
			"from": [0, 8, -10],
			"to": [5, 10, -7],
			"rotation": {"angle": 0, "axis": "y", "origin": [8, 16, -3]},
			"color": 2,
			"faces": {
				"north": {"uv": [0, 0, 5, 2], "texture": "#missing"},
				"east": {"uv": [0, 0, 3, 2], "texture": "#missing"},
				"south": {"uv": [0, 0, 5, 2], "texture": "#missing"},
				"west": {"uv": [0, 0, 3, 2], "texture": "#missing"},
				"up": {"uv": [0, 0, 5, 3], "texture": "#missing"},
				"down": {"uv": [0, 0, 5, 3], "texture": "#missing"}
			}
		},
		{
			"from": [0, 8, -7],
			"to": [5, 11, -2],
			"rotation": {"angle": 0, "axis": "y", "origin": [8, 17, 0]},
			"color": 7,
			"faces": {
				"north": {"uv": [0, 0, 5, 3], "texture": "#missing"},
				"east": {"uv": [0, 0, 5, 3], "texture": "#missing"},
				"south": {"uv": [0, 0, 5, 3], "texture": "#missing"},
				"west": {"uv": [0, 0, 5, 3], "texture": "#missing"},
				"up": {"uv": [0, 0, 5, 5], "texture": "#missing"},
				"down": {"uv": [0, 0, 5, 5], "texture": "#missing"}
			}
		},
		{
			"from": [2, 12, -11],
			"to": [3, 16, -10],
			"rotation": {"angle": -22.5, "axis": "x", "origin": [10, 20, -3]},
			"color": 1,
			"faces": {
				"north": {"uv": [0, 0, 1, 4], "texture": "#missing"},
				"east": {"uv": [0, 0, 1, 4], "texture": "#missing"},
				"south": {"uv": [0, 0, 1, 4], "texture": "#missing"},
				"west": {"uv": [0, 0, 1, 4], "texture": "#missing"},
				"up": {"uv": [0, 0, 1, 1], "texture": "#missing"},
				"down": {"uv": [0, 0, 1, 1], "texture": "#missing"}
			}
		},
		{
			"from": [0, 7, -10],
			"to": [0, 8, -9],
			"rotation": {"angle": 0, "axis": "y", "origin": [7, 15, -2]},
			"color": 6,
			"faces": {
				"north": {"uv": [0, 0, 0, 1], "texture": "#missing"},
				"east": {"uv": [0, 0, 1, 1], "texture": "#missing"},
				"south": {"uv": [0, 0, 0, 1], "texture": "#missing"},
				"west": {"uv": [0, 0, 1, 1], "texture": "#missing"},
				"up": {"uv": [0, 0, 0, 1], "texture": "#missing"},
				"down": {"uv": [0, 0, 0, 1], "texture": "#missing"}
			}
		},
		{
			"from": [0, 7, -8],
			"to": [0, 8, -7],
			"rotation": {"angle": 0, "axis": "y", "origin": [7, 15, 0]},
			"color": 6,
			"faces": {
				"north": {"uv": [0, 0, 0, 1], "texture": "#missing"},
				"east": {"uv": [0, 0, 1, 1], "texture": "#missing"},
				"south": {"uv": [0, 0, 0, 1], "texture": "#missing"},
				"west": {"uv": [0, 0, 1, 1], "texture": "#missing"},
				"up": {"uv": [0, 0, 0, 1], "texture": "#missing"},
				"down": {"uv": [0, 0, 0, 1], "texture": "#missing"}
			}
		},
		{
			"from": [0, 7, -6],
			"to": [0, 8, -5],
			"rotation": {"angle": 0, "axis": "y", "origin": [7, 15, 2]},
			"color": 6,
			"faces": {
				"north": {"uv": [0, 0, 0, 1], "texture": "#missing"},
				"east": {"uv": [0, 0, 1, 1], "texture": "#missing"},
				"south": {"uv": [0, 0, 0, 1], "texture": "#missing"},
				"west": {"uv": [0, 0, 1, 1], "texture": "#missing"},
				"up": {"uv": [0, 0, 0, 1], "texture": "#missing"},
				"down": {"uv": [0, 0, 0, 1], "texture": "#missing"}
			}
		},
		{
			"from": [5, 7, -10],
			"to": [5, 8, -9],
			"rotation": {"angle": 0, "axis": "y", "origin": [12, 15, -2]},
			"color": 6,
			"faces": {
				"north": {"uv": [0, 0, 0, 1], "texture": "#missing"},
				"east": {"uv": [0, 0, 1, 1], "texture": "#missing"},
				"south": {"uv": [0, 0, 0, 1], "texture": "#missing"},
				"west": {"uv": [0, 0, 1, 1], "texture": "#missing"},
				"up": {"uv": [0, 0, 0, 1], "texture": "#missing"},
				"down": {"uv": [0, 0, 0, 1], "texture": "#missing"}
			}
		},
		{
			"from": [5, 7, -8],
			"to": [5, 8, -7],
			"rotation": {"angle": 0, "axis": "y", "origin": [12, 15, 0]},
			"color": 6,
			"faces": {
				"north": {"uv": [0, 0, 0, 1], "texture": "#missing"},
				"east": {"uv": [0, 0, 1, 1], "texture": "#missing"},
				"south": {"uv": [0, 0, 0, 1], "texture": "#missing"},
				"west": {"uv": [0, 0, 1, 1], "texture": "#missing"},
				"up": {"uv": [0, 0, 0, 1], "texture": "#missing"},
				"down": {"uv": [0, 0, 0, 1], "texture": "#missing"}
			}
		},
		{
			"from": [5, 7, -6],
			"to": [5, 8, -5],
			"rotation": {"angle": 0, "axis": "y", "origin": [12, 15, 2]},
			"color": 6,
			"faces": {
				"north": {"uv": [0, 0, 0, 1], "texture": "#missing"},
				"east": {"uv": [0, 0, 1, 1], "texture": "#missing"},
				"south": {"uv": [0, 0, 0, 1], "texture": "#missing"},
				"west": {"uv": [0, 0, 1, 1], "texture": "#missing"},
				"up": {"uv": [0, 0, 0, 1], "texture": "#missing"},
				"down": {"uv": [0, 0, 0, 1], "texture": "#missing"}
			}
		},
		{
			"from": [1, 2, -2],
			"to": [4, 8, -1],
			"rotation": {"angle": 45, "axis": "x", "origin": [10, 10, 6]},
			"color": 2,
			"faces": {
				"north": {"uv": [0, 0, 3, 6], "texture": "#missing"},
				"east": {"uv": [0, 0, 1, 6], "texture": "#missing"},
				"south": {"uv": [0, 0, 3, 6], "texture": "#missing"},
				"west": {"uv": [0, 0, 1, 6], "texture": "#missing"},
				"up": {"uv": [0, 0, 3, 1], "texture": "#missing"},
				"down": {"uv": [0, 0, 3, 1], "texture": "#missing"}
			}
		},
		{
			"from": [-1, 13, -2],
			"to": [1, 14, 3],
			"rotation": {"angle": -22.5, "axis": "x", "origin": [8, 6, 6]},
			"color": 0,
			"faces": {
				"north": {"uv": [0, 0, 1, 2], "rotation": 270, "texture": "#missing"},
				"east": {"uv": [0, 0, 1, 5], "rotation": 90, "texture": "#missing"},
				"south": {"uv": [0, 0, 1, 2], "rotation": 90, "texture": "#missing"},
				"west": {"uv": [0, 0, 1, 5], "rotation": 90, "texture": "#missing"},
				"up": {"uv": [0, 0, 5, 2], "rotation": 90, "texture": "#missing"},
				"down": {"uv": [0, 0, 5, 2], "rotation": 90, "texture": "#missing"}
			}
		},
		{
			"from": [4, 13, -2],
			"to": [6, 14, 3],
			"rotation": {"angle": -22.5, "axis": "x", "origin": [13, 6, 6]},
			"color": 0,
			"faces": {
				"north": {"uv": [0, 0, 1, 2], "rotation": 270, "texture": "#missing"},
				"east": {"uv": [0, 0, 1, 5], "rotation": 90, "texture": "#missing"},
				"south": {"uv": [0, 0, 1, 2], "rotation": 90, "texture": "#missing"},
				"west": {"uv": [0, 0, 1, 5], "rotation": 90, "texture": "#missing"},
				"up": {"uv": [0, 0, 5, 2], "rotation": 90, "texture": "#missing"},
				"down": {"uv": [0, 0, 5, 2], "rotation": 90, "texture": "#missing"}
			}
		},
		{
			"from": [1, 5, -2],
			"to": [4, 10, -1],
			"rotation": {"angle": 0, "axis": "y", "origin": [9, 17, 6]},
			"color": 6,
			"faces": {
				"north": {"uv": [0, 0, 3, 5], "texture": "#missing"},
				"east": {"uv": [0, 0, 1, 5], "texture": "#missing"},
				"south": {"uv": [0, 0, 3, 5], "texture": "#missing"},
				"west": {"uv": [0, 0, 1, 5], "texture": "#missing"},
				"up": {"uv": [0, 0, 3, 1], "texture": "#missing"},
				"down": {"uv": [0, 0, 3, 1], "texture": "#missing"}
			}
		},
		{
			"from": [0, 5, -1],
			"to": [5, 9, 8],
			"rotation": {"angle": 0, "axis": "y", "origin": [8, 13, 7]},
			"color": 0,
			"faces": {
				"north": {"uv": [0, 0, 5, 4], "texture": "#missing"},
				"east": {"uv": [0, 0, 9, 4], "texture": "#missing"},
				"south": {"uv": [0, 0, 5, 4], "texture": "#missing"},
				"west": {"uv": [0, 0, 9, 4], "texture": "#missing"},
				"up": {"uv": [0, 0, 5, 9], "texture": "#missing"},
				"down": {"uv": [0, 0, 5, 9], "texture": "#missing"}
			}
		},
		{
			"from": [1, 9, -1],
			"to": [4, 10, 8],
			"rotation": {"angle": 0, "axis": "y", "origin": [9, 17, 8]},
			"color": 5,
			"faces": {
				"north": {"uv": [0, 0, 3, 1], "texture": "#missing"},
				"east": {"uv": [0, 0, 9, 1], "texture": "#missing"},
				"south": {"uv": [0, 0, 3, 1], "texture": "#missing"},
				"west": {"uv": [0, 0, 9, 1], "texture": "#missing"},
				"up": {"uv": [0, 0, 3, 9], "texture": "#missing"},
				"down": {"uv": [0, 0, 3, 9], "texture": "#missing"}
			}
		},
		{
			"from": [2, 2, 2],
			"to": [3, 7, 3],
			"rotation": {"angle": 45, "axis": "x", "origin": [10, 10, 10]},
			"color": 1,
			"faces": {
				"north": {"uv": [0, 0, 1, 5], "texture": "#missing"},
				"east": {"uv": [0, 0, 1, 5], "texture": "#missing"},
				"south": {"uv": [0, 0, 1, 5], "texture": "#missing"},
				"west": {"uv": [0, 0, 1, 5], "texture": "#missing"},
				"up": {"uv": [0, 0, 1, 1], "texture": "#missing"},
				"down": {"uv": [0, 0, 1, 1], "texture": "#missing"}
			}
		},
		{
			"from": [0, 9, 1],
			"to": [5, 11, 2],
			"rotation": {"angle": 0, "axis": "y", "origin": [8, 18, 9]},
			"color": 7,
			"faces": {
				"north": {"uv": [0, 0, 5, 2], "texture": "#missing"},
				"east": {"uv": [0, 0, 1, 2], "texture": "#missing"},
				"south": {"uv": [0, 0, 5, 2], "texture": "#missing"},
				"west": {"uv": [0, 0, 1, 2], "texture": "#missing"},
				"up": {"uv": [0, 0, 5, 1], "texture": "#missing"},
				"down": {"uv": [0, 0, 5, 1], "texture": "#missing"}
			}
		},
		{
			"from": [0, 9, 7],
			"to": [5, 11, 8],
			"rotation": {"angle": 0, "axis": "y", "origin": [8, 17, 15]},
			"color": 7,
			"faces": {
				"north": {"uv": [0, 0, 5, 2], "texture": "#missing"},
				"east": {"uv": [0, 0, 1, 2], "texture": "#missing"},
				"south": {"uv": [0, 0, 5, 2], "texture": "#missing"},
				"west": {"uv": [0, 0, 1, 2], "texture": "#missing"},
				"up": {"uv": [0, 0, 5, 1], "texture": "#missing"},
				"down": {"uv": [0, 0, 5, 1], "texture": "#missing"}
			}
		},
		{
			"from": [-1, 5, 1],
			"to": [0, 10, 2],
			"rotation": {"angle": 0, "axis": "y", "origin": [7, 14, 9]},
			"color": 0,
			"faces": {
				"north": {"uv": [0, 0, 1, 5], "texture": "#missing"},
				"east": {"uv": [0, 0, 1, 5], "texture": "#missing"},
				"south": {"uv": [0, 0, 1, 5], "texture": "#missing"},
				"west": {"uv": [0, 0, 1, 5], "texture": "#missing"},
				"up": {"uv": [0, 0, 1, 1], "texture": "#missing"},
				"down": {"uv": [0, 0, 1, 1], "texture": "#missing"}
			}
		},
		{
			"from": [-1, 7, 7],
			"to": [0, 10, 8],
			"rotation": {"angle": 0, "axis": "y", "origin": [7, 14, 15]},
			"color": 0,
			"faces": {
				"north": {"uv": [0, 0, 1, 3], "texture": "#missing"},
				"east": {"uv": [0, 0, 1, 3], "texture": "#missing"},
				"south": {"uv": [0, 0, 1, 3], "texture": "#missing"},
				"west": {"uv": [0, 0, 1, 3], "texture": "#missing"},
				"up": {"uv": [0, 0, 1, 1], "texture": "#missing"},
				"down": {"uv": [0, 0, 1, 1], "texture": "#missing"}
			}
		},
		{
			"from": [5, 7, 7],
			"to": [6, 10, 8],
			"rotation": {"angle": 0, "axis": "y", "origin": [13, 14, 15]},
			"color": 0,
			"faces": {
				"north": {"uv": [0, 0, 1, 3], "texture": "#missing"},
				"east": {"uv": [0, 0, 1, 3], "texture": "#missing"},
				"south": {"uv": [0, 0, 1, 3], "texture": "#missing"},
				"west": {"uv": [0, 0, 1, 3], "texture": "#missing"},
				"up": {"uv": [0, 0, 1, 1], "texture": "#missing"},
				"down": {"uv": [0, 0, 1, 1], "texture": "#missing"}
			}
		},
		{
			"from": [5, 5, 1],
			"to": [6, 10, 2],
			"rotation": {"angle": 0, "axis": "y", "origin": [13, 14, 9]},
			"color": 0,
			"faces": {
				"north": {"uv": [0, 0, 1, 5], "texture": "#missing"},
				"east": {"uv": [0, 0, 1, 5], "texture": "#missing"},
				"south": {"uv": [0, 0, 1, 5], "texture": "#missing"},
				"west": {"uv": [0, 0, 1, 5], "texture": "#missing"},
				"up": {"uv": [0, 0, 1, 1], "texture": "#missing"},
				"down": {"uv": [0, 0, 1, 1], "texture": "#missing"}
			}
		},
		{
			"from": [0, 9, 4],
			"to": [5, 11, 5],
			"rotation": {"angle": 0, "axis": "y", "origin": [8, 17, 12]},
			"color": 7,
			"faces": {
				"north": {"uv": [0, 0, 5, 2], "texture": "#missing"},
				"east": {"uv": [0, 0, 1, 2], "texture": "#missing"},
				"south": {"uv": [0, 0, 5, 2], "texture": "#missing"},
				"west": {"uv": [0, 0, 1, 2], "texture": "#missing"},
				"up": {"uv": [0, 0, 5, 1], "texture": "#missing"},
				"down": {"uv": [0, 0, 5, 1], "texture": "#missing"}
			}
		},
		{
			"from": [0, 5, 8],
			"to": [5, 9, 12],
			"rotation": {"angle": 0, "axis": "y", "origin": [8, 13, 16]},
			"color": 3,
			"faces": {
				"north": {"uv": [0, 0, 5, 4], "texture": "#missing"},
				"east": {"uv": [0, 0, 4, 4], "texture": "#missing"},
				"south": {"uv": [0, 0, 5, 4], "texture": "#missing"},
				"west": {"uv": [0, 0, 4, 4], "texture": "#missing"},
				"up": {"uv": [0, 0, 5, 4], "texture": "#missing"},
				"down": {"uv": [0, 0, 5, 4], "texture": "#missing"}
			}
		},
		{
			"from": [1, 6, 12],
			"to": [4, 9, 17],
			"rotation": {"angle": 0, "axis": "y", "origin": [9, 16, 20]},
			"color": 1,
			"faces": {
				"north": {"uv": [0, 0, 3, 3], "texture": "#missing"},
				"east": {"uv": [0, 0, 5, 3], "texture": "#missing"},
				"south": {"uv": [0, 0, 3, 3], "texture": "#missing"},
				"west": {"uv": [0, 0, 5, 3], "texture": "#missing"},
				"up": {"uv": [0, 0, 3, 5], "texture": "#missing"},
				"down": {"uv": [0, 0, 3, 5], "texture": "#missing"}
			}
		},
		{
			"from": [2, 7, 17],
			"to": [3, 9, 20],
			"rotation": {"angle": 0, "axis": "y", "origin": [10, 16, 25]},
			"color": 7,
			"faces": {
				"north": {"uv": [0, 0, 1, 2], "texture": "#missing"},
				"east": {"uv": [0, 0, 3, 2], "texture": "#missing"},
				"south": {"uv": [0, 0, 1, 2], "texture": "#missing"},
				"west": {"uv": [0, 0, 3, 2], "texture": "#missing"},
				"up": {"uv": [0, 0, 1, 3], "texture": "#missing"},
				"down": {"uv": [0, 0, 1, 3], "texture": "#missing"}
			}
		},
		{
			"from": [2, 8, 20],
			"to": [3, 9, 24],
			"rotation": {"angle": 0, "axis": "y", "origin": [10, 16, 28]},
			"color": 4,
			"faces": {
				"north": {"uv": [0, 0, 1, 1], "texture": "#missing"},
				"east": {"uv": [0, 0, 4, 1], "texture": "#missing"},
				"south": {"uv": [0, 0, 1, 1], "texture": "#missing"},
				"west": {"uv": [0, 0, 4, 1], "texture": "#missing"},
				"up": {"uv": [0, 0, 1, 4], "texture": "#missing"},
				"down": {"uv": [0, 0, 1, 4], "texture": "#missing"}
			}
		},
		{
			"from": [1, 9, 8],
			"to": [4, 10, 14],
			"rotation": {"angle": 0, "axis": "y", "origin": [9, 17, 16]},
			"color": 4,
			"faces": {
				"north": {"uv": [0, 0, 3, 1], "texture": "#missing"},
				"east": {"uv": [0, 0, 6, 1], "texture": "#missing"},
				"south": {"uv": [0, 0, 3, 1], "texture": "#missing"},
				"west": {"uv": [0, 0, 6, 1], "texture": "#missing"},
				"up": {"uv": [0, 0, 3, 6], "texture": "#missing"},
				"down": {"uv": [0, 0, 3, 6], "texture": "#missing"}
			}
		},
		{
			"from": [2, 1, 24],
			"to": [3, 5, 26],
			"rotation": {"angle": 45, "axis": "x", "origin": [10, 9, 32]},
			"color": 0,
			"faces": {
				"north": {"uv": [0, 0, 1, 4], "texture": "#missing"},
				"east": {"uv": [0, 0, 2, 4], "texture": "#missing"},
				"south": {"uv": [0, 0, 1, 4], "texture": "#missing"},
				"west": {"uv": [0, 0, 2, 4], "texture": "#missing"},
				"up": {"uv": [0, 0, 1, 2], "texture": "#missing"},
				"down": {"uv": [0, 0, 1, 2], "texture": "#missing"}
			}
		},
		{
			"from": [2, 1, 27],
			"to": [3, 5, 29],
			"rotation": {"angle": 45, "axis": "x", "origin": [10, 9, 35]},
			"color": 0,
			"faces": {
				"north": {"uv": [0, 0, 1, 4], "texture": "#missing"},
				"east": {"uv": [0, 0, 2, 4], "texture": "#missing"},
				"south": {"uv": [0, 0, 1, 4], "texture": "#missing"},
				"west": {"uv": [0, 0, 2, 4], "texture": "#missing"},
				"up": {"uv": [0, 0, 1, 2], "texture": "#missing"},
				"down": {"uv": [0, 0, 1, 2], "texture": "#missing"}
			}
		},
		{
			"from": [2, 1, 18],
			"to": [3, 4, 19],
			"rotation": {"angle": 45, "axis": "x", "origin": [10, 9, 26]},
			"color": 0,
			"faces": {
				"north": {"uv": [0, 0, 1, 3], "texture": "#missing"},
				"east": {"uv": [0, 0, 1, 3], "texture": "#missing"},
				"south": {"uv": [0, 0, 1, 3], "texture": "#missing"},
				"west": {"uv": [0, 0, 1, 3], "texture": "#missing"},
				"up": {"uv": [0, 0, 1, 1], "texture": "#missing"},
				"down": {"uv": [0, 0, 1, 1], "texture": "#missing"}
			}
		},
		{
			"from": [2, 9, 19],
			"to": [3, 13, 21],
			"rotation": {"angle": -45, "axis": "x", "origin": [10, 16, 27]},
			"color": 0,
			"faces": {
				"north": {"uv": [0, 0, 1, 4], "texture": "#missing"},
				"east": {"uv": [0, 0, 2, 4], "texture": "#missing"},
				"south": {"uv": [0, 0, 1, 4], "texture": "#missing"},
				"west": {"uv": [0, 0, 2, 4], "texture": "#missing"},
				"up": {"uv": [0, 0, 1, 2], "texture": "#missing"},
				"down": {"uv": [0, 0, 1, 2], "texture": "#missing"}
			}
		},
		{
			"from": [2, 9, 16],
			"to": [3, 13, 18],
			"rotation": {"angle": -45, "axis": "x", "origin": [10, 16, 24]},
			"color": 0,
			"faces": {
				"north": {"uv": [0, 0, 1, 4], "texture": "#missing"},
				"east": {"uv": [0, 0, 2, 4], "texture": "#missing"},
				"south": {"uv": [0, 0, 1, 4], "texture": "#missing"},
				"west": {"uv": [0, 0, 2, 4], "texture": "#missing"},
				"up": {"uv": [0, 0, 1, 2], "texture": "#missing"},
				"down": {"uv": [0, 0, 1, 2], "texture": "#missing"}
			}
		},
		{
			"from": [2, 8, 10],
			"to": [3, 11, 11],
			"rotation": {"angle": -45, "axis": "x", "origin": [10, 14, 18]},
			"color": 0,
			"faces": {
				"north": {"uv": [0, 0, 1, 3], "texture": "#missing"},
				"east": {"uv": [0, 0, 1, 3], "texture": "#missing"},
				"south": {"uv": [0, 0, 1, 3], "texture": "#missing"},
				"west": {"uv": [0, 0, 1, 3], "texture": "#missing"},
				"up": {"uv": [0, 0, 1, 1], "texture": "#missing"},
				"down": {"uv": [0, 0, 1, 1], "texture": "#missing"}
			}
		},
		{
			"from": [0, 9, 10],
			"to": [5, 11, 11],
			"rotation": {"angle": 0, "axis": "y", "origin": [8, 18, 18]},
			"color": 1,
			"faces": {
				"north": {"uv": [0, 0, 5, 2], "texture": "#missing"},
				"east": {"uv": [0, 0, 1, 2], "texture": "#missing"},
				"south": {"uv": [0, 0, 5, 2], "texture": "#missing"},
				"west": {"uv": [0, 0, 1, 2], "texture": "#missing"},
				"up": {"uv": [0, 0, 5, 1], "texture": "#missing"},
				"down": {"uv": [0, 0, 5, 1], "texture": "#missing"}
			}
		}
	],
	"groups": [
		{
			"name": "group",
			"origin": [13, 6, 19],
			"children": [0, 1, 2, 3, 4, 5, 6, 7, 8, 9, 10, 11, 12, 13]
		},
		{
			"name": "group",
			"origin": [8, 17, 24],
			"children": [14, 15, 16, 17, 18, 19, 20, 21, 22, 23]
		},
		{
			"name": "group",
			"origin": [10, 14, 18],
			"children": [24, 25, 26, 27, 28, 29, 30, 31, 32, 33, 34, 35]
		}
	]
}