{
	"credit": "Made with Blockbench",
	"textures": {
		"0": "custom/stardust_dragon/armor",
		"1": "custom/stardust_dragon/skin",
		"particle": "custom/stardust_dragon/armor"
	},
	"elements": [
		{
			"from": [0, 5, 8],
			"to": [5, 9, 12],
			"rotation": {"angle": 0, "axis": "y", "origin": [8, 13, 16]},
			"faces": {
				"north": {"uv": [11, 0, 16, 4], "texture": "#1"},
				"east": {"uv": [14, 9, 10, 13], "texture": "#1"},
				"south": {"uv": [10, 9, 15, 13], "texture": "#1"},
				"west": {"uv": [10, 9, 14, 13], "texture": "#1"},
				"up": {"uv": [11, 3, 16, 7], "texture": "#1"},
				"down": {"uv": [11, 7, 16, 3], "texture": "#1"}
			}
		},
		{
			"from": [1, 6, 12],
			"to": [4, 9, 17],
			"rotation": {"angle": 0, "axis": "y", "origin": [9, 16, 20]},
			"faces": {
				"north": {"uv": [0, 0, 3, 3], "texture": "#1"},
				"east": {"uv": [8, 0, 3, 3], "texture": "#1"},
				"south": {"uv": [0, 0, 3, 3], "texture": "#1"},
				"west": {"uv": [3, 0, 8, 3], "texture": "#1"},
				"up": {"uv": [0, 0, 3, 5], "texture": "#1"},
				"down": {"uv": [0, 1, 3, 6], "texture": "#1"}
			}
		},
		{
			"from": [2, 7, 17],
			"to": [3, 9, 20],
			"rotation": {"angle": 0, "axis": "y", "origin": [10, 16, 25]},
			"faces": {
				"north": {"uv": [0, 0, 1, 2], "texture": "#1"},
				"east": {"uv": [5, 2, 8, 0], "texture": "#1"},
				"south": {"uv": [0, 0, 1, 2], "texture": "#1"},
				"west": {"uv": [4, 2, 7, 0], "texture": "#1"},
				"up": {"uv": [1, 4, 2, 1], "texture": "#1"},
				"down": {"uv": [0, 3, 1, 0], "texture": "#1"}
			}
		},
		{
			"from": [2, 8, 20],
			"to": [3, 9, 24],
			"rotation": {"angle": 0, "axis": "y", "origin": [10, 16, 28]},
			"faces": {
				"north": {"uv": [0, 0, 1, 1], "texture": "#1"},
				"east": {"uv": [0, 15, 4, 16], "texture": "#1"},
				"south": {"uv": [0, 0, 1, 1], "texture": "#1"},
				"west": {"uv": [0, 15, 4, 16], "texture": "#1"},
				"up": {"uv": [1, 0, 2, 4], "texture": "#1"},
				"down": {"uv": [0, 0, 1, 4], "texture": "#1"}
			}
		},
		{
			"from": [1, 9, 8],
			"to": [4, 10, 14],
			"rotation": {"angle": 0, "axis": "y", "origin": [9, 17, 16]},
			"faces": {
				"north": {"uv": [1, 6, 4, 7], "texture": "#0"},
				"east": {"uv": [0, 0, 6, 1], "texture": "#0"},
				"south": {"uv": [1, 6, 4, 7], "texture": "#0"},
				"west": {"uv": [0, 0, 6, 1], "texture": "#0"},
				"up": {"uv": [13, 3, 16, 9], "texture": "#0"},
				"down": {"uv": [1, 0, 4, 6], "texture": "#0"}
			}
		},
		{
			"from": [2, 1, 24],
			"to": [3, 5, 26],
			"rotation": {"angle": 45, "axis": "x", "origin": [10, 9, 32]},
			"faces": {
				"north": {"uv": [0, 0, 1, 4], "texture": "#1"},
				"east": {"uv": [0, 0, 2, 4], "texture": "#1"},
				"south": {"uv": [0, 0, 1, 4], "texture": "#1"},
				"west": {"uv": [0, 0, 2, 4], "texture": "#1"},
				"up": {"uv": [0, 0, 1, 2], "texture": "#1"},
				"down": {"uv": [0, 0, 1, 2], "texture": "#1"}
			}
		},
		{
			"from": [2, 1, 27],
			"to": [3, 5, 29],
			"rotation": {"angle": 45, "axis": "x", "origin": [10, 9, 35]},
			"faces": {
				"north": {"uv": [0, 0, 1, 4], "texture": "#1"},
				"east": {"uv": [0, 0, 2, 4], "texture": "#1"},
				"south": {"uv": [0, 0, 1, 4], "texture": "#1"},
				"west": {"uv": [0, 0, 2, 4], "texture": "#1"},
				"up": {"uv": [0, 0, 1, 2], "texture": "#1"},
				"down": {"uv": [0, 0, 1, 2], "texture": "#1"}
			}
		},
		{
			"from": [2, 1, 18],
			"to": [3, 4, 19],
			"rotation": {"angle": 45, "axis": "x", "origin": [10, 9, 26]},
			"faces": {
				"north": {"uv": [1, 2, 2, 5], "texture": "#1"},
				"east": {"uv": [1, 2, 2, 5], "texture": "#1"},
				"south": {"uv": [1, 2, 2, 5], "texture": "#1"},
				"west": {"uv": [1, 2, 2, 5], "texture": "#1"},
				"up": {"uv": [1, 1, 2, 2], "texture": "#1"},
				"down": {"uv": [1, 5, 2, 6], "texture": "#1"}
			}
		},
		{
			"from": [2, 9, 19],
			"to": [3, 13, 21],
			"rotation": {"angle": -45, "axis": "x", "origin": [10, 16, 27]},
			"faces": {
				"north": {"uv": [0, 0, 1, 4], "texture": "#1"},
				"east": {"uv": [0, 0, 2, 4], "texture": "#1"},
				"south": {"uv": [0, 0, 1, 4], "texture": "#1"},
				"west": {"uv": [0, 0, 2, 4], "texture": "#1"},
				"up": {"uv": [0, 0, 1, 2], "texture": "#1"},
				"down": {"uv": [0, 0, 1, 2], "texture": "#1"}
			}
		},
		{
			"from": [2, 9, 16],
			"to": [3, 13, 18],
			"rotation": {"angle": -45, "axis": "x", "origin": [10, 16, 24]},
			"faces": {
				"north": {"uv": [0, 0, 1, 4], "texture": "#1"},
				"east": {"uv": [0, 0, 2, 4], "texture": "#1"},
				"south": {"uv": [0, 0, 1, 4], "texture": "#1"},
				"west": {"uv": [0, 0, 2, 4], "texture": "#1"},
				"up": {"uv": [0, 0, 1, 2], "texture": "#1"},
				"down": {"uv": [0, 0, 1, 2], "texture": "#1"}
			}
		},
		{
			"from": [2, 8, 10],
			"to": [3, 11, 11],
			"rotation": {"angle": -45, "axis": "x", "origin": [10, 14, 18]},
			"faces": {
				"north": {"uv": [1, 5, 2, 2], "texture": "#1"},
				"east": {"uv": [1, 5, 2, 2], "texture": "#1"},
				"south": {"uv": [1, 5, 2, 2], "texture": "#1"},
				"west": {"uv": [1, 5, 2, 2], "texture": "#1"},
				"up": {"uv": [1, 5, 2, 6], "texture": "#1"},
				"down": {"uv": [1, 1, 2, 2], "texture": "#1"}
			}
		},
		{
			"from": [0, 9, 10],
			"to": [5, 11, 11],
			"rotation": {"angle": 0, "axis": "y", "origin": [8, 18, 18]},
			"faces": {
				"north": {"uv": [0, 5, 5, 7], "texture": "#0"},
				"east": {"uv": [0, 3, 1, 5], "texture": "#0"},
				"south": {"uv": [0, 5, 5, 7], "texture": "#0"},
				"west": {"uv": [0, 3, 1, 5], "texture": "#0"},
				"up": {"uv": [0, 7, 5, 8], "texture": "#0"},
				"down": {"uv": [0, 0, 5, 1], "texture": "#0"}
			}
		}
	],
	"display": {
		"thirdperson_righthand": {
			"rotation": [90, 0, 0],
			"translation": [-0.5, 5.5, 11]
		}
	},
	"groups": [
		{
			"name": "group",
			"origin": [10, 14, 18],
			"children": [0, 1, 2, 3, 4, 5, 6, 7, 8, 9, 10, 11]
		}
	]
}