{
	"credit": "Made with Blockbench",
	"textures": {
		"0": "custom/stardust_dragon/armor",
		"1": "custom/stardust_dragon/skin",
		"particle": "custom/stardust_dragon/armor"
	},
	"elements": [
		{
			"from": [0, 5, -1],
			"to": [5, 9, 8],
			"rotation": {"angle": 0, "axis": "y", "origin": [8, 13, 7]},
			"faces": {
				"north": {"uv": [11, 0, 16, 4], "texture": "#1"},
				"east": {"uv": [16, 9, 7, 13], "texture": "#1"},
				"south": {"uv": [11, 0, 16, 4], "texture": "#1"},
				"west": {"uv": [7, 9, 16, 13], "texture": "#1"},
				"up": {"uv": [11, 0, 16, 9], "texture": "#1"},
				"down": {"uv": [11, 9, 16, 0], "texture": "#1"}
			}
		},
		{
			"from": [1, 9, -1],
			"to": [4, 10, 8],
			"rotation": {"angle": 0, "axis": "y", "origin": [9, 17, 8]},
			"faces": {
				"north": {"uv": [0, 0, 3, 1], "texture": "#0"},
				"east": {"uv": [0, 0, 9, 1], "texture": "#0"},
				"south": {"uv": [0, 0, 3, 1], "texture": "#0"},
				"west": {"uv": [0, 0, 9, 1], "texture": "#0"},
				"up": {"uv": [13, 0, 16, 9], "texture": "#0"},
				"down": {"uv": [0, 0, 3, 9], "texture": "#0"}
			}
		},
		{
			"from": [2, 2, 2],
			"to": [3, 7, 3],
			"rotation": {"angle": 45, "axis": "x", "origin": [10, 10, 10]},
			"faces": {
				"north": {"uv": [2, 1, 3, 6], "texture": "#0"},
				"east": {"uv": [2, 1, 3, 6], "texture": "#0"},
				"south": {"uv": [2, 1, 3, 6], "texture": "#0"},
				"west": {"uv": [2, 1, 3, 6], "texture": "#0"},
				"up": {"uv": [10, 4, 11, 5], "texture": "#0"},
				"down": {"uv": [2, 5, 3, 6], "texture": "#0"}
			}
		},
		{
			"from": [0, 9, 1],
			"to": [5, 11, 2],
			"rotation": {"angle": 0, "axis": "y", "origin": [8, 18, 9]},
			"faces": {
				"north": {"uv": [0, 5, 5, 7], "texture": "#0"},
				"east": {"uv": [0, 2, 1, 4], "texture": "#0"},
				"south": {"uv": [0, 5, 5, 7], "texture": "#0"},
				"west": {"uv": [0, 2, 1, 4], "texture": "#0"},
				"up": {"uv": [0, 7, 5, 8], "texture": "#0"},
				"down": {"uv": [0, 0, 5, 1], "texture": "#0"}
			}
		},
		{
			"from": [0, 9, 7],
			"to": [5, 11, 8],
			"rotation": {"angle": 0, "axis": "y", "origin": [8, 17, 15]},
			"faces": {
				"north": {"uv": [0, 5, 5, 7], "texture": "#0"},
				"east": {"uv": [0, 2, 1, 4], "texture": "#0"},
				"south": {"uv": [0, 5, 5, 7], "texture": "#0"},
				"west": {"uv": [0, 2, 1, 4], "texture": "#0"},
				"up": {"uv": [0, 7, 5, 8], "texture": "#0"},
				"down": {"uv": [0, 0, 5, 1], "texture": "#0"}
			}
		},
		{
			"from": [-1, 5, 1],
			"to": [0, 10, 2],
			"rotation": {"angle": 0, "axis": "y", "origin": [7, 14, 9]},
			"faces": {
				"north": {"uv": [2, 6, 3, 1], "texture": "#0"},
				"east": {"uv": [0, 0, 1, 5], "texture": "#0"},
				"south": {"uv": [2, 6, 3, 1], "texture": "#0"},
				"west": {"uv": [2, 6, 3, 1], "texture": "#0"},
				"up": {"uv": [2, 5, 3, 6], "texture": "#0"},
				"down": {"uv": [0, 0, 1, 1], "texture": "#0"}
			}
		},
		{
			"from": [-1, 7, 7],
			"to": [0, 10, 8],
			"rotation": {"angle": 0, "axis": "y", "origin": [7, 14, 15]},
			"faces": {
				"north": {"uv": [2, 5, 3, 2], "texture": "#0"},
				"east": {"uv": [0, 0, 1, 3], "texture": "#0"},
				"south": {"uv": [2, 5, 3, 2], "texture": "#0"},
				"west": {"uv": [2, 5, 3, 2], "texture": "#0"},
				"up": {"uv": [2, 5, 3, 6], "texture": "#0"},
				"down": {"uv": [0, 0, 1, 1], "texture": "#0"}
			}
		},
		{
			"from": [5, 7, 7],
			"to": [6, 10, 8],
			"rotation": {"angle": 0, "axis": "y", "origin": [13, 14, 15]},
			"faces": {
				"north": {"uv": [2, 5, 3, 2], "texture": "#0"},
				"east": {"uv": [2, 5, 3, 2], "texture": "#0"},
				"south": {"uv": [2, 5, 3, 2], "texture": "#0"},
				"west": {"uv": [0, 0, 1, 3], "texture": "#0"},
				"up": {"uv": [2, 5, 3, 6], "texture": "#0"},
				"down": {"uv": [0, 0, 1, 1], "texture": "#0"}
			}
		},
		{
			"from": [5, 5, 1],
			"to": [6, 10, 2],
			"rotation": {"angle": 0, "axis": "y", "origin": [13, 14, 9]},
			"faces": {
				"north": {"uv": [2, 6, 3, 1], "texture": "#0"},
				"east": {"uv": [2, 6, 3, 1], "texture": "#0"},
				"south": {"uv": [2, 6, 3, 1], "texture": "#0"},
				"west": {"uv": [0, 0, 1, 5], "texture": "#0"},
				"up": {"uv": [2, 5, 3, 6], "texture": "#0"},
				"down": {"uv": [0, 0, 1, 1], "texture": "#0"}
			}
		},
		{
			"from": [0, 9, 4],
			"to": [5, 11, 5],
			"rotation": {"angle": 0, "axis": "y", "origin": [8, 17, 12]},
			"faces": {
				"north": {"uv": [0, 6, 5, 4], "texture": "#0"},
				"east": {"uv": [0, 2, 1, 4], "texture": "#0"},
				"south": {"uv": [0, 6, 5, 4], "texture": "#0"},
				"west": {"uv": [0, 2, 1, 4], "texture": "#0"},
				"up": {"uv": [0, 7, 5, 8], "texture": "#0"},
				"down": {"uv": [0, 0, 5, 1], "texture": "#0"}
			}
		},
		{
			"from": [1, 6, -9],
			"to": [4, 8, -2],
			"rotation": {"angle": 0, "axis": "y", "origin": [8, 14, -2]},
			"faces": {
				"north": {"uv": [0, 13, 3, 15], "texture": "#1"},
				"east": {"uv": [10, 13, 3, 15], "texture": "#1"},
				"south": {"uv": [10, 13, 13, 15], "texture": "#1"},
				"west": {"uv": [3, 13, 10, 15], "texture": "#1"},
				"up": {"uv": [0, 0, 3, 7], "texture": "#1"},
				"down": {"uv": [0, 6, 3, 13], "texture": "#1"}
			}
		},
		{
			"from": [0, 8, -10],
			"to": [5, 10, -7],
			"rotation": {"angle": 0, "axis": "y", "origin": [8, 16, -3]},
			"faces": {
				"north": {"uv": [0, 3, 5, 5], "texture": "#0"},
				"east": {"uv": [8, 0, 5, 2], "texture": "#0"},
				"south": {"uv": [0, 0, 5, 2], "texture": "#1"},
				"west": {"uv": [5, 0, 8, 2], "texture": "#0"},
				"up": {"uv": [0, 0, 5, 3], "texture": "#0"},
				"down": {"uv": [3, 5, 8, 8], "texture": "#1"}
			}
		},
		{
			"from": [0, 8, -7],
			"to": [5, 11, -2],
			"rotation": {"angle": 0, "axis": "y", "origin": [8, 17, 0]},
			"faces": {
				"north": {"uv": [0, 0, 5, 3], "texture": "#0"},
				"east": {"uv": [13, 0, 8, 3], "texture": "#0"},
				"south": {"uv": [3, 2, 8, 5], "texture": "#1"},
				"west": {"uv": [8, 0, 13, 3], "texture": "#0"},
				"up": {"uv": [8, 3, 13, 8], "texture": "#0"},
				"down": {"uv": [3, 8, 8, 13], "texture": "#1"}
			}
		},
		{
			"from": [2, 10.01462, -6.01884],
			"to": [3, 14.01462, -5.01884],
			"rotation": {"angle": -45, "axis": "x", "origin": [2, 9, -5]},
			"faces": {
				"north": {"uv": [2, 1, 3, 5], "texture": "#0"},
				"east": {"uv": [2, 1, 3, 5], "texture": "#0"},
				"south": {"uv": [2, 1, 3, 5], "texture": "#0"},
				"west": {"uv": [2, 1, 3, 5], "texture": "#0"},
				"up": {"uv": [10, 4, 11, 5], "texture": "#0"},
				"down": {"uv": [0, 0, 1, 1], "texture": "#missing"}
			}
		},
		{
			"from": [0, 7, -10],
			"to": [0, 8, -9],
			"rotation": {"angle": 0, "axis": "y", "origin": [7, 15, -2]},
			"faces": {
				"north": {"uv": [0, 0, 0, 1], "texture": "#missing"},
				"east": {"uv": [5, 1, 6, 2], "texture": "#0"},
				"south": {"uv": [0, 0, 0, 1], "texture": "#missing"},
				"west": {"uv": [5, 1, 6, 2], "texture": "#0"},
				"up": {"uv": [0, 0, 0, 1], "texture": "#missing"},
				"down": {"uv": [0, 0, 0, 1], "texture": "#missing"}
			}
		},
		{
			"from": [0, 7, -8],
			"to": [0, 8, -7],
			"rotation": {"angle": 0, "axis": "y", "origin": [7, 15, 0]},
			"faces": {
				"north": {"uv": [0, 0, 0, 1], "texture": "#missing"},
				"east": {"uv": [7, 1, 8, 2], "texture": "#0"},
				"south": {"uv": [0, 0, 0, 1], "texture": "#missing"},
				"west": {"uv": [7, 1, 8, 2], "texture": "#0"},
				"up": {"uv": [0, 0, 0, 1], "texture": "#missing"},
				"down": {"uv": [0, 0, 0, 1], "texture": "#missing"}
			}
		},
		{
			"from": [0, 7, -6],
			"to": [0, 8, -5],
			"rotation": {"angle": 0, "axis": "y", "origin": [7, 15, 2]},
			"faces": {
				"north": {"uv": [0, 0, 0, 1], "texture": "#missing"},
				"east": {"uv": [0, 0, 1, 1], "texture": "#0"},
				"south": {"uv": [0, 0, 0, 1], "texture": "#missing"},
				"west": {"uv": [0, 0, 1, 1], "texture": "#0"},
				"up": {"uv": [0, 0, 0, 1], "texture": "#missing"},
				"down": {"uv": [0, 0, 0, 1], "texture": "#missing"}
			}
		},
		{
			"from": [5, 7, -10],
			"to": [5, 8, -9],
			"rotation": {"angle": 0, "axis": "y", "origin": [12, 15, -2]},
			"faces": {
				"north": {"uv": [0, 0, 0, 1], "texture": "#missing"},
				"east": {"uv": [5, 1, 6, 2], "texture": "#0"},
				"south": {"uv": [0, 0, 0, 1], "texture": "#missing"},
				"west": {"uv": [5, 1, 6, 2], "texture": "#0"},
				"up": {"uv": [0, 0, 0, 1], "texture": "#missing"},
				"down": {"uv": [0, 0, 0, 1], "texture": "#missing"}
			}
		},
		{
			"from": [5, 7, -8],
			"to": [5, 8, -7],
			"rotation": {"angle": 0, "axis": "y", "origin": [12, 15, 0]},
			"faces": {
				"north": {"uv": [0, 0, 0, 1], "texture": "#missing"},
				"east": {"uv": [7, 1, 8, 2], "texture": "#0"},
				"south": {"uv": [0, 0, 0, 1], "texture": "#missing"},
				"west": {"uv": [7, 1, 8, 2], "texture": "#0"},
				"up": {"uv": [0, 0, 0, 1], "texture": "#missing"},
				"down": {"uv": [0, 0, 0, 1], "texture": "#missing"}
			}
		},
		{
			"from": [5, 7, -6],
			"to": [5, 8, -5],
			"rotation": {"angle": 0, "axis": "y", "origin": [12, 15, 2]},
			"faces": {
				"north": {"uv": [0, 0, 0, 1], "texture": "#missing"},
				"east": {"uv": [0, 0, 1, 1], "texture": "#0"},
				"south": {"uv": [0, 0, 0, 1], "texture": "#missing"},
				"west": {"uv": [0, 0, 1, 1], "texture": "#0"},
				"up": {"uv": [0, 0, 0, 1], "texture": "#missing"},
				"down": {"uv": [0, 0, 0, 1], "texture": "#missing"}
			}
		},
		{
			"from": [1, 2, -2],
			"to": [4, 8, -1],
			"rotation": {"angle": 45, "axis": "x", "origin": [10, 10, 6]},
			"faces": {
				"north": {"uv": [0, 0, 3, 6], "texture": "#1"},
				"east": {"uv": [0, 0, 1, 6], "texture": "#1"},
				"south": {"uv": [0, 0, 3, 6], "texture": "#1"},
				"west": {"uv": [0, 0, 1, 6], "texture": "#1"},
				"up": {"uv": [0, 6, 3, 7], "texture": "#1"},
				"down": {"uv": [0, 7, 3, 8], "texture": "#1"}
			}
		},
		{
			"from": [-1, 13, -1],
			"to": [1, 14, 4],
			"rotation": {"angle": -22.5, "axis": "x", "origin": [8, 6, 7]},
			"faces": {
				"north": {"uv": [0, 0, 1, 2], "rotation": 270, "texture": "#1"},
				"east": {"uv": [0, 0, 1, 5], "rotation": 90, "texture": "#1"},
				"south": {"uv": [0, 0, 1, 2], "rotation": 90, "texture": "#1"},
				"west": {"uv": [0, 0, 1, 5], "rotation": 90, "texture": "#1"},
				"up": {"uv": [3, 0, 8, 2], "rotation": 90, "texture": "#1"},
				"down": {"uv": [8, 0, 3, 2], "rotation": 90, "texture": "#1"}
			}
		},
		{
			"from": [4, 13, -1],
			"to": [6, 14, 4],
			"rotation": {"angle": -22.5, "axis": "x", "origin": [13, 6, 7]},
			"faces": {
				"north": {"uv": [0, 0, 1, 2], "rotation": 270, "texture": "#1"},
				"east": {"uv": [0, 0, 1, 5], "rotation": 90, "texture": "#1"},
				"south": {"uv": [0, 0, 1, 2], "rotation": 90, "texture": "#1"},
				"west": {"uv": [0, 0, 1, 5], "rotation": 90, "texture": "#1"},
				"up": {"uv": [3, 2, 8, 0], "rotation": 90, "texture": "#1"},
				"down": {"uv": [8, 2, 3, 0], "rotation": 90, "texture": "#1"}
			}
		},
		{
			"from": [1, 5, -2],
			"to": [4, 10, -1],
			"rotation": {"angle": 0, "axis": "y", "origin": [9, 17, 6]},
			"faces": {
				"north": {"uv": [1, 0, 4, 5], "texture": "#0"},
				"east": {"uv": [0, 0, 1, 5], "texture": "#0"},
				"south": {"uv": [1, 0, 4, 5], "texture": "#0"},
				"west": {"uv": [0, 0, 1, 5], "texture": "#0"},
				"up": {"uv": [0, 0, 3, 1], "texture": "#0"},
				"down": {"uv": [0, 0, 3, 1], "texture": "#0"}
			}
		},
		{
			"from": [0, 5, 8],
			"to": [5, 9, 12],
			"rotation": {"angle": 0, "axis": "y", "origin": [8, 13, 16]},
			"faces": {
				"north": {"uv": [11, 0, 16, 4], "texture": "#1"},
				"east": {"uv": [14, 9, 10, 13], "texture": "#1"},
				"south": {"uv": [10, 9, 15, 13], "texture": "#1"},
				"west": {"uv": [10, 9, 14, 13], "texture": "#1"},
				"up": {"uv": [11, 3, 16, 7], "texture": "#1"},
				"down": {"uv": [11, 7, 16, 3], "texture": "#1"}
			}
		},
		{
			"from": [1, 6, 12],
			"to": [4, 9, 17],
			"rotation": {"angle": 0, "axis": "y", "origin": [9, 16, 20]},
			"faces": {
				"north": {"uv": [0, 0, 3, 3], "texture": "#1"},
				"east": {"uv": [8, 0, 3, 3], "texture": "#1"},
				"south": {"uv": [0, 0, 3, 3], "texture": "#1"},
				"west": {"uv": [3, 0, 8, 3], "texture": "#1"},
				"up": {"uv": [0, 0, 3, 5], "texture": "#1"},
				"down": {"uv": [0, 1, 3, 6], "texture": "#1"}
			}
		},
		{
			"from": [2, 7, 17],
			"to": [3, 9, 20],
			"rotation": {"angle": 0, "axis": "y", "origin": [10, 16, 25]},
			"faces": {
				"north": {"uv": [0, 0, 1, 2], "texture": "#1"},
				"east": {"uv": [5, 2, 8, 0], "texture": "#1"},
				"south": {"uv": [0, 0, 1, 2], "texture": "#1"},
				"west": {"uv": [4, 2, 7, 0], "texture": "#1"},
				"up": {"uv": [1, 4, 2, 1], "texture": "#1"},
				"down": {"uv": [0, 3, 1, 0], "texture": "#1"}
			}
		},
		{
			"from": [2, 8, 20],
			"to": [3, 9, 24],
			"rotation": {"angle": 0, "axis": "y", "origin": [10, 16, 28]},
			"faces": {
				"north": {"uv": [0, 0, 1, 1], "texture": "#1"},
				"east": {"uv": [0, 15, 4, 16], "texture": "#1"},
				"south": {"uv": [0, 0, 1, 1], "texture": "#1"},
				"west": {"uv": [0, 15, 4, 16], "texture": "#1"},
				"up": {"uv": [1, 0, 2, 4], "texture": "#1"},
				"down": {"uv": [0, 0, 1, 4], "texture": "#1"}
			}
		},
		{
			"from": [1, 9, 8],
			"to": [4, 10, 14],
			"rotation": {"angle": 0, "axis": "y", "origin": [9, 17, 16]},
			"faces": {
				"north": {"uv": [1, 6, 4, 7], "texture": "#0"},
				"east": {"uv": [0, 0, 6, 1], "texture": "#0"},
				"south": {"uv": [1, 6, 4, 7], "texture": "#0"},
				"west": {"uv": [0, 0, 6, 1], "texture": "#0"},
				"up": {"uv": [13, 3, 16, 9], "texture": "#0"},
				"down": {"uv": [1, 0, 4, 6], "texture": "#0"}
			}
		},
		{
			"from": [2, 1, 24],
			"to": [3, 5, 26],
			"rotation": {"angle": 45, "axis": "x", "origin": [10, 9, 32]},
			"faces": {
				"north": {"uv": [0, 0, 1, 4], "texture": "#1"},
				"east": {"uv": [0, 0, 2, 4], "texture": "#1"},
				"south": {"uv": [0, 0, 1, 4], "texture": "#1"},
				"west": {"uv": [0, 0, 2, 4], "texture": "#1"},
				"up": {"uv": [0, 0, 1, 2], "texture": "#1"},
				"down": {"uv": [0, 0, 1, 2], "texture": "#1"}
			}
		},
		{
			"from": [2, 1, 27],
			"to": [3, 5, 29],
			"rotation": {"angle": 45, "axis": "x", "origin": [10, 9, 35]},
			"faces": {
				"north": {"uv": [0, 0, 1, 4], "texture": "#1"},
				"east": {"uv": [0, 0, 2, 4], "texture": "#1"},
				"south": {"uv": [0, 0, 1, 4], "texture": "#1"},
				"west": {"uv": [0, 0, 2, 4], "texture": "#1"},
				"up": {"uv": [0, 0, 1, 2], "texture": "#1"},
				"down": {"uv": [0, 0, 1, 2], "texture": "#1"}
			}
		},
		{
			"from": [2, 1, 18],
			"to": [3, 4, 19],
			"rotation": {"angle": 45, "axis": "x", "origin": [10, 9, 26]},
			"faces": {
				"north": {"uv": [1, 2, 2, 5], "texture": "#1"},
				"east": {"uv": [1, 2, 2, 5], "texture": "#1"},
				"south": {"uv": [1, 2, 2, 5], "texture": "#1"},
				"west": {"uv": [1, 2, 2, 5], "texture": "#1"},
				"up": {"uv": [1, 1, 2, 2], "texture": "#1"},
				"down": {"uv": [1, 5, 2, 6], "texture": "#1"}
			}
		},
		{
			"from": [2, 9, 19],
			"to": [3, 13, 21],
			"rotation": {"angle": -45, "axis": "x", "origin": [10, 16, 27]},
			"faces": {
				"north": {"uv": [0, 0, 1, 4], "texture": "#1"},
				"east": {"uv": [0, 0, 2, 4], "texture": "#1"},
				"south": {"uv": [0, 0, 1, 4], "texture": "#1"},
				"west": {"uv": [0, 0, 2, 4], "texture": "#1"},
				"up": {"uv": [0, 0, 1, 2], "texture": "#1"},
				"down": {"uv": [0, 0, 1, 2], "texture": "#1"}
			}
		},
		{
			"from": [2, 9, 16],
			"to": [3, 13, 18],
			"rotation": {"angle": -45, "axis": "x", "origin": [10, 16, 24]},
			"faces": {
				"north": {"uv": [0, 0, 1, 4], "texture": "#1"},
				"east": {"uv": [0, 0, 2, 4], "texture": "#1"},
				"south": {"uv": [0, 0, 1, 4], "texture": "#1"},
				"west": {"uv": [0, 0, 2, 4], "texture": "#1"},
				"up": {"uv": [0, 0, 1, 2], "texture": "#1"},
				"down": {"uv": [0, 0, 1, 2], "texture": "#1"}
			}
		},
		{
			"from": [2, 8, 10],
			"to": [3, 11, 11],
			"rotation": {"angle": -45, "axis": "x", "origin": [10, 14, 18]},
			"faces": {
				"north": {"uv": [1, 5, 2, 2], "texture": "#1"},
				"east": {"uv": [1, 5, 2, 2], "texture": "#1"},
				"south": {"uv": [1, 5, 2, 2], "texture": "#1"},
				"west": {"uv": [1, 5, 2, 2], "texture": "#1"},
				"up": {"uv": [1, 5, 2, 6], "texture": "#1"},
				"down": {"uv": [1, 1, 2, 2], "texture": "#1"}
			}
		},
		{
			"from": [0, 9, 10],
			"to": [5, 11, 11],
			"rotation": {"angle": 0, "axis": "y", "origin": [8, 18, 18]},
			"faces": {
				"north": {"uv": [0, 5, 5, 7], "texture": "#0"},
				"east": {"uv": [0, 3, 1, 5], "texture": "#0"},
				"south": {"uv": [0, 5, 5, 7], "texture": "#0"},
				"west": {"uv": [0, 3, 1, 5], "texture": "#0"},
				"up": {"uv": [0, 7, 5, 8], "texture": "#0"},
				"down": {"uv": [0, 0, 5, 1], "texture": "#0"}
			}
		}
	],
	"groups": [
		{
			"name": "group",
			"origin": [13, 6, 19],
			"children": [0, 1, 2, 3, 4, 5, 6, 7, 8, 9, 10, 11, 12, 13]
		},
		{
			"name": "group",
			"origin": [8, 17, 24],
			"children": [14, 15, 16, 17, 18, 19, 20, 21, 22, 23]
		},
		{
			"name": "group",
			"origin": [10, 14, 18],
			"children": [24, 25, 26, 27, 28, 29, 30, 31, 32, 33, 34, 35]
		}
	]
}